id,date,sell_price
HOUSEHOLD_2_CA_2,2011-01-29,6.0194420600858365
HOUSEHOLD_2_CA_2,2011-01-30,6.0194420600858365
HOUSEHOLD_2_CA_2,2011-01-31,6.0194420600858365
HOUSEHOLD_2_CA_2,2011-02-01,6.0194420600858365
HOUSEHOLD_2_CA_2,2011-02-02,6.0194420600858365
HOUSEHOLD_2_CA_2,2011-02-03,6.0194420600858365
HOUSEHOLD_2_CA_2,2011-02-04,6.0194420600858365
HOUSEHOLD_2_CA_2,2011-02-05,6.095823754789272
HOUSEHOLD_2_CA_2,2011-02-06,6.095823754789272
HOUSEHOLD_2_CA_2,2011-02-07,6.095823754789272
HOUSEHOLD_2_CA_2,2011-02-08,6.095823754789272
HOUSEHOLD_2_CA_2,2011-02-09,6.095823754789272
HOUSEHOLD_2_CA_2,2011-02-10,6.095823754789272
HOUSEHOLD_2_CA_2,2011-02-11,6.095823754789272
HOUSEHOLD_2_CA_2,2011-02-12,6.065164835164835
HOUSEHOLD_2_CA_2,2011-02-13,6.065164835164835
HOUSEHOLD_2_CA_2,2011-02-14,6.065164835164835
HOUSEHOLD_2_CA_2,2011-02-15,6.065164835164835
HOUSEHOLD_2_CA_2,2011-02-16,6.065164835164835
HOUSEHOLD_2_CA_2,2011-02-17,6.065164835164835
HOUSEHOLD_2_CA_2,2011-02-18,6.065164835164835
HOUSEHOLD_2_CA_2,2011-02-19,6.0565342960288815
HOUSEHOLD_2_CA_2,2011-02-20,6.0565342960288815
HOUSEHOLD_2_CA_2,2011-02-21,6.0565342960288815
HOUSEHOLD_2_CA_2,2011-02-22,6.0565342960288815
HOUSEHOLD_2_CA_2,2011-02-23,6.0565342960288815
HOUSEHOLD_2_CA_2,2011-02-24,6.0565342960288815
HOUSEHOLD_2_CA_2,2011-02-25,6.0565342960288815
HOUSEHOLD_2_CA_2,2011-02-26,6.031565836298933
HOUSEHOLD_2_CA_2,2011-02-27,6.031565836298933
HOUSEHOLD_2_CA_2,2011-02-28,6.031565836298933
HOUSEHOLD_2_CA_2,2011-03-01,6.031565836298933
HOUSEHOLD_2_CA_2,2011-03-02,6.031565836298933
HOUSEHOLD_2_CA_2,2011-03-03,6.031565836298933
HOUSEHOLD_2_CA_2,2011-03-04,6.031565836298933
HOUSEHOLD_2_CA_2,2011-03-05,6.0223157894736845
HOUSEHOLD_2_CA_2,2011-03-06,6.0223157894736845
HOUSEHOLD_2_CA_2,2011-03-07,6.0223157894736845
HOUSEHOLD_2_CA_2,2011-03-08,6.0223157894736845
HOUSEHOLD_2_CA_2,2011-03-09,6.0223157894736845
HOUSEHOLD_2_CA_2,2011-03-10,6.0223157894736845
HOUSEHOLD_2_CA_2,2011-03-11,6.0223157894736845
HOUSEHOLD_2_CA_2,2011-03-12,6.021045296167247
HOUSEHOLD_2_CA_2,2011-03-13,6.021045296167247
HOUSEHOLD_2_CA_2,2011-03-14,6.021045296167247
HOUSEHOLD_2_CA_2,2011-03-15,6.021045296167247
HOUSEHOLD_2_CA_2,2011-03-16,6.021045296167247
HOUSEHOLD_2_CA_2,2011-03-17,6.021045296167247
HOUSEHOLD_2_CA_2,2011-03-18,6.021045296167247
HOUSEHOLD_2_CA_2,2011-03-19,6.022439024390244
HOUSEHOLD_2_CA_2,2011-03-20,6.022439024390244
HOUSEHOLD_2_CA_2,2011-03-21,6.022439024390244
HOUSEHOLD_2_CA_2,2011-03-22,6.022439024390244
HOUSEHOLD_2_CA_2,2011-03-23,6.022439024390244
HOUSEHOLD_2_CA_2,2011-03-24,6.022439024390244
HOUSEHOLD_2_CA_2,2011-03-25,6.022439024390244
HOUSEHOLD_2_CA_2,2011-03-26,6.027835051546392
HOUSEHOLD_2_CA_2,2011-03-27,6.027835051546392
HOUSEHOLD_2_CA_2,2011-03-28,6.027835051546392
HOUSEHOLD_2_CA_2,2011-03-29,6.027835051546392
HOUSEHOLD_2_CA_2,2011-03-30,6.027835051546392
HOUSEHOLD_2_CA_2,2011-03-31,6.027835051546392
HOUSEHOLD_2_CA_2,2011-04-01,6.027835051546392
HOUSEHOLD_2_CA_2,2011-04-02,6.028133333333334
HOUSEHOLD_2_CA_2,2011-04-03,6.028133333333334
HOUSEHOLD_2_CA_2,2011-04-04,6.028133333333334
HOUSEHOLD_2_CA_2,2011-04-05,6.028133333333334
HOUSEHOLD_2_CA_2,2011-04-06,6.028133333333334
HOUSEHOLD_2_CA_2,2011-04-07,6.028133333333334
HOUSEHOLD_2_CA_2,2011-04-08,6.028133333333334
HOUSEHOLD_2_CA_2,2011-04-09,6.021776315789474
HOUSEHOLD_2_CA_2,2011-04-10,6.021776315789474
HOUSEHOLD_2_CA_2,2011-04-11,6.021776315789474
HOUSEHOLD_2_CA_2,2011-04-12,6.021776315789474
HOUSEHOLD_2_CA_2,2011-04-13,6.021776315789474
HOUSEHOLD_2_CA_2,2011-04-14,6.021776315789474
HOUSEHOLD_2_CA_2,2011-04-15,6.021776315789474
HOUSEHOLD_2_CA_2,2011-04-16,6.011229773462783
HOUSEHOLD_2_CA_2,2011-04-17,6.011229773462783
HOUSEHOLD_2_CA_2,2011-04-18,6.011229773462783
HOUSEHOLD_2_CA_2,2011-04-19,6.011229773462783
HOUSEHOLD_2_CA_2,2011-04-20,6.011229773462783
HOUSEHOLD_2_CA_2,2011-04-21,6.011229773462783
HOUSEHOLD_2_CA_2,2011-04-22,6.011229773462783
HOUSEHOLD_2_CA_2,2011-04-23,6.063418530351438
HOUSEHOLD_2_CA_2,2011-04-24,6.063418530351438
HOUSEHOLD_2_CA_2,2011-04-25,6.063418530351438
HOUSEHOLD_2_CA_2,2011-04-26,6.063418530351438
HOUSEHOLD_2_CA_2,2011-04-27,6.063418530351438
HOUSEHOLD_2_CA_2,2011-04-28,6.063418530351438
HOUSEHOLD_2_CA_2,2011-04-29,6.063418530351438
HOUSEHOLD_2_CA_2,2011-04-30,6.064600638977636
HOUSEHOLD_2_CA_2,2011-05-01,6.064600638977636
HOUSEHOLD_2_CA_2,2011-05-02,6.064600638977636
HOUSEHOLD_2_CA_2,2011-05-03,6.064600638977636
HOUSEHOLD_2_CA_2,2011-05-04,6.064600638977636
HOUSEHOLD_2_CA_2,2011-05-05,6.064600638977636
HOUSEHOLD_2_CA_2,2011-05-06,6.064600638977636
HOUSEHOLD_2_CA_2,2011-05-07,6.042848101265823
HOUSEHOLD_2_CA_2,2011-05-08,6.042848101265823
HOUSEHOLD_2_CA_2,2011-05-09,6.042848101265823
HOUSEHOLD_2_CA_2,2011-05-10,6.042848101265823
HOUSEHOLD_2_CA_2,2011-05-11,6.042848101265823
HOUSEHOLD_2_CA_2,2011-05-12,6.042848101265823
HOUSEHOLD_2_CA_2,2011-05-13,6.042848101265823
HOUSEHOLD_2_CA_2,2011-05-14,6.053028391167192
HOUSEHOLD_2_CA_2,2011-05-15,6.053028391167192
HOUSEHOLD_2_CA_2,2011-05-16,6.053028391167192
HOUSEHOLD_2_CA_2,2011-05-17,6.053028391167192
HOUSEHOLD_2_CA_2,2011-05-18,6.053028391167192
HOUSEHOLD_2_CA_2,2011-05-19,6.053028391167192
HOUSEHOLD_2_CA_2,2011-05-20,6.053028391167192
HOUSEHOLD_2_CA_2,2011-05-21,6.050504731861198
HOUSEHOLD_2_CA_2,2011-05-22,6.050504731861198
HOUSEHOLD_2_CA_2,2011-05-23,6.050504731861198
HOUSEHOLD_2_CA_2,2011-05-24,6.050504731861198
HOUSEHOLD_2_CA_2,2011-05-25,6.050504731861198
HOUSEHOLD_2_CA_2,2011-05-26,6.050504731861198
HOUSEHOLD_2_CA_2,2011-05-27,6.050504731861198
HOUSEHOLD_2_CA_2,2011-05-28,6.052327044025158
HOUSEHOLD_2_CA_2,2011-05-29,6.052327044025158
HOUSEHOLD_2_CA_2,2011-05-30,6.052327044025158
HOUSEHOLD_2_CA_2,2011-05-31,6.052327044025158
HOUSEHOLD_2_CA_2,2011-06-01,6.052327044025158
HOUSEHOLD_2_CA_2,2011-06-02,6.052327044025158
HOUSEHOLD_2_CA_2,2011-06-03,6.052327044025158
HOUSEHOLD_2_CA_2,2011-06-04,6.0304375
HOUSEHOLD_2_CA_2,2011-06-05,6.0304375
HOUSEHOLD_2_CA_2,2011-06-06,6.0304375
HOUSEHOLD_2_CA_2,2011-06-07,6.0304375
HOUSEHOLD_2_CA_2,2011-06-08,6.0304375
HOUSEHOLD_2_CA_2,2011-06-09,6.0304375
HOUSEHOLD_2_CA_2,2011-06-10,6.0304375
HOUSEHOLD_2_CA_2,2011-06-11,6.014610591900312
HOUSEHOLD_2_CA_2,2011-06-12,6.014610591900312
HOUSEHOLD_2_CA_2,2011-06-13,6.014610591900312
HOUSEHOLD_2_CA_2,2011-06-14,6.014610591900312
HOUSEHOLD_2_CA_2,2011-06-15,6.014610591900312
HOUSEHOLD_2_CA_2,2011-06-16,6.014610591900312
HOUSEHOLD_2_CA_2,2011-06-17,6.014610591900312
HOUSEHOLD_2_CA_2,2011-06-18,6.012826086956522
HOUSEHOLD_2_CA_2,2011-06-19,6.012826086956522
HOUSEHOLD_2_CA_2,2011-06-20,6.012826086956522
HOUSEHOLD_2_CA_2,2011-06-21,6.012826086956522
HOUSEHOLD_2_CA_2,2011-06-22,6.012826086956522
HOUSEHOLD_2_CA_2,2011-06-23,6.012826086956522
HOUSEHOLD_2_CA_2,2011-06-24,6.012826086956522
HOUSEHOLD_2_CA_2,2011-06-25,6.012826086956522
HOUSEHOLD_2_CA_2,2011-06-26,6.012826086956522
HOUSEHOLD_2_CA_2,2011-06-27,6.012826086956522
HOUSEHOLD_2_CA_2,2011-06-28,6.012826086956522
HOUSEHOLD_2_CA_2,2011-06-29,6.012826086956522
HOUSEHOLD_2_CA_2,2011-06-30,6.012826086956522
HOUSEHOLD_2_CA_2,2011-07-01,6.012826086956522
HOUSEHOLD_2_CA_2,2011-07-02,6.01332298136646
HOUSEHOLD_2_CA_2,2011-07-03,6.01332298136646
HOUSEHOLD_2_CA_2,2011-07-04,6.01332298136646
HOUSEHOLD_2_CA_2,2011-07-05,6.01332298136646
HOUSEHOLD_2_CA_2,2011-07-06,6.01332298136646
HOUSEHOLD_2_CA_2,2011-07-07,6.01332298136646
HOUSEHOLD_2_CA_2,2011-07-08,6.01332298136646
HOUSEHOLD_2_CA_2,2011-07-09,6.013219814241486
HOUSEHOLD_2_CA_2,2011-07-10,6.013219814241486
HOUSEHOLD_2_CA_2,2011-07-11,6.013219814241486
HOUSEHOLD_2_CA_2,2011-07-12,6.013219814241486
HOUSEHOLD_2_CA_2,2011-07-13,6.013219814241486
HOUSEHOLD_2_CA_2,2011-07-14,6.013219814241486
HOUSEHOLD_2_CA_2,2011-07-15,6.013219814241486
HOUSEHOLD_2_CA_2,2011-07-16,6.013219814241486
HOUSEHOLD_2_CA_2,2011-07-17,6.013219814241486
HOUSEHOLD_2_CA_2,2011-07-18,6.013219814241486
HOUSEHOLD_2_CA_2,2011-07-19,6.013219814241486
HOUSEHOLD_2_CA_2,2011-07-20,6.013219814241486
HOUSEHOLD_2_CA_2,2011-07-21,6.013219814241486
HOUSEHOLD_2_CA_2,2011-07-22,6.013219814241486
HOUSEHOLD_2_CA_2,2011-07-23,6.013219814241486
HOUSEHOLD_2_CA_2,2011-07-24,6.013219814241486
HOUSEHOLD_2_CA_2,2011-07-25,6.013219814241486
HOUSEHOLD_2_CA_2,2011-07-26,6.013219814241486
HOUSEHOLD_2_CA_2,2011-07-27,6.013219814241486
HOUSEHOLD_2_CA_2,2011-07-28,6.013219814241486
HOUSEHOLD_2_CA_2,2011-07-29,6.013219814241486
HOUSEHOLD_2_CA_2,2011-07-30,6.00683076923077
HOUSEHOLD_2_CA_2,2011-07-31,6.00683076923077
HOUSEHOLD_2_CA_2,2011-08-01,6.00683076923077
HOUSEHOLD_2_CA_2,2011-08-02,6.00683076923077
HOUSEHOLD_2_CA_2,2011-08-03,6.00683076923077
HOUSEHOLD_2_CA_2,2011-08-04,6.00683076923077
HOUSEHOLD_2_CA_2,2011-08-05,6.00683076923077
HOUSEHOLD_2_CA_2,2011-08-06,5.994447852760737
HOUSEHOLD_2_CA_2,2011-08-07,5.994447852760737
HOUSEHOLD_2_CA_2,2011-08-08,5.994447852760737
HOUSEHOLD_2_CA_2,2011-08-09,5.994447852760737
HOUSEHOLD_2_CA_2,2011-08-10,5.994447852760737
HOUSEHOLD_2_CA_2,2011-08-11,5.994447852760737
HOUSEHOLD_2_CA_2,2011-08-12,5.994447852760737
HOUSEHOLD_2_CA_2,2011-08-13,5.994447852760737
HOUSEHOLD_2_CA_2,2011-08-14,5.994447852760737
HOUSEHOLD_2_CA_2,2011-08-15,5.994447852760737
HOUSEHOLD_2_CA_2,2011-08-16,5.994447852760737
HOUSEHOLD_2_CA_2,2011-08-17,5.994447852760737
HOUSEHOLD_2_CA_2,2011-08-18,5.994447852760737
HOUSEHOLD_2_CA_2,2011-08-19,5.994447852760737
HOUSEHOLD_2_CA_2,2011-08-20,5.994447852760737
HOUSEHOLD_2_CA_2,2011-08-21,5.994447852760737
HOUSEHOLD_2_CA_2,2011-08-22,5.994447852760737
HOUSEHOLD_2_CA_2,2011-08-23,5.994447852760737
HOUSEHOLD_2_CA_2,2011-08-24,5.994447852760737
HOUSEHOLD_2_CA_2,2011-08-25,5.994447852760737
HOUSEHOLD_2_CA_2,2011-08-26,5.994447852760737
HOUSEHOLD_2_CA_2,2011-08-27,5.984617737003058
HOUSEHOLD_2_CA_2,2011-08-28,5.984617737003058
HOUSEHOLD_2_CA_2,2011-08-29,5.984617737003058
HOUSEHOLD_2_CA_2,2011-08-30,5.984617737003058
HOUSEHOLD_2_CA_2,2011-08-31,5.984617737003058
HOUSEHOLD_2_CA_2,2011-09-01,5.984617737003058
HOUSEHOLD_2_CA_2,2011-09-02,5.984617737003058
HOUSEHOLD_2_CA_2,2011-09-03,5.976646341463415
HOUSEHOLD_2_CA_2,2011-09-04,5.976646341463415
HOUSEHOLD_2_CA_2,2011-09-05,5.976646341463415
HOUSEHOLD_2_CA_2,2011-09-06,5.976646341463415
HOUSEHOLD_2_CA_2,2011-09-07,5.976646341463415
HOUSEHOLD_2_CA_2,2011-09-08,5.976646341463415
HOUSEHOLD_2_CA_2,2011-09-09,5.976646341463415
HOUSEHOLD_2_CA_2,2011-09-10,5.97359756097561
HOUSEHOLD_2_CA_2,2011-09-11,5.97359756097561
HOUSEHOLD_2_CA_2,2011-09-12,5.97359756097561
HOUSEHOLD_2_CA_2,2011-09-13,5.97359756097561
HOUSEHOLD_2_CA_2,2011-09-14,5.97359756097561
HOUSEHOLD_2_CA_2,2011-09-15,5.97359756097561
HOUSEHOLD_2_CA_2,2011-09-16,5.97359756097561
HOUSEHOLD_2_CA_2,2011-09-17,5.973625377643504
HOUSEHOLD_2_CA_2,2011-09-18,5.973625377643504
HOUSEHOLD_2_CA_2,2011-09-19,5.973625377643504
HOUSEHOLD_2_CA_2,2011-09-20,5.973625377643504
HOUSEHOLD_2_CA_2,2011-09-21,5.973625377643504
HOUSEHOLD_2_CA_2,2011-09-22,5.973625377643504
HOUSEHOLD_2_CA_2,2011-09-23,5.973625377643504
HOUSEHOLD_2_CA_2,2011-09-24,5.960358208955224
HOUSEHOLD_2_CA_2,2011-09-25,5.960358208955224
HOUSEHOLD_2_CA_2,2011-09-26,5.960358208955224
HOUSEHOLD_2_CA_2,2011-09-27,5.960358208955224
HOUSEHOLD_2_CA_2,2011-09-28,5.960358208955224
HOUSEHOLD_2_CA_2,2011-09-29,5.960358208955224
HOUSEHOLD_2_CA_2,2011-09-30,5.960358208955224
HOUSEHOLD_2_CA_2,2011-10-01,5.962380952380952
HOUSEHOLD_2_CA_2,2011-10-02,5.962380952380952
HOUSEHOLD_2_CA_2,2011-10-03,5.962380952380952
HOUSEHOLD_2_CA_2,2011-10-04,5.962380952380952
HOUSEHOLD_2_CA_2,2011-10-05,5.962380952380952
HOUSEHOLD_2_CA_2,2011-10-06,5.962380952380952
HOUSEHOLD_2_CA_2,2011-10-07,5.962380952380952
HOUSEHOLD_2_CA_2,2011-10-08,5.9381656804733725
HOUSEHOLD_2_CA_2,2011-10-09,5.9381656804733725
HOUSEHOLD_2_CA_2,2011-10-10,5.9381656804733725
HOUSEHOLD_2_CA_2,2011-10-11,5.9381656804733725
HOUSEHOLD_2_CA_2,2011-10-12,5.9381656804733725
HOUSEHOLD_2_CA_2,2011-10-13,5.9381656804733725
HOUSEHOLD_2_CA_2,2011-10-14,5.9381656804733725
HOUSEHOLD_2_CA_2,2011-10-15,5.93698224852071
HOUSEHOLD_2_CA_2,2011-10-16,5.93698224852071
HOUSEHOLD_2_CA_2,2011-10-17,5.93698224852071
HOUSEHOLD_2_CA_2,2011-10-18,5.93698224852071
HOUSEHOLD_2_CA_2,2011-10-19,5.93698224852071
HOUSEHOLD_2_CA_2,2011-10-20,5.93698224852071
HOUSEHOLD_2_CA_2,2011-10-21,5.93698224852071
HOUSEHOLD_2_CA_2,2011-10-22,5.949112426035502
HOUSEHOLD_2_CA_2,2011-10-23,5.949112426035502
HOUSEHOLD_2_CA_2,2011-10-24,5.949112426035502
HOUSEHOLD_2_CA_2,2011-10-25,5.949112426035502
HOUSEHOLD_2_CA_2,2011-10-26,5.949112426035502
HOUSEHOLD_2_CA_2,2011-10-27,5.949112426035502
HOUSEHOLD_2_CA_2,2011-10-28,5.949112426035502
HOUSEHOLD_2_CA_2,2011-10-29,5.93878698224852
HOUSEHOLD_2_CA_2,2011-10-30,5.93878698224852
HOUSEHOLD_2_CA_2,2011-10-31,5.93878698224852
HOUSEHOLD_2_CA_2,2011-11-01,5.93878698224852
HOUSEHOLD_2_CA_2,2011-11-02,5.93878698224852
HOUSEHOLD_2_CA_2,2011-11-03,5.93878698224852
HOUSEHOLD_2_CA_2,2011-11-04,5.93878698224852
HOUSEHOLD_2_CA_2,2011-11-05,5.945604719764011
HOUSEHOLD_2_CA_2,2011-11-06,5.945604719764011
HOUSEHOLD_2_CA_2,2011-11-07,5.945604719764011
HOUSEHOLD_2_CA_2,2011-11-08,5.945604719764011
HOUSEHOLD_2_CA_2,2011-11-09,5.945604719764011
HOUSEHOLD_2_CA_2,2011-11-10,5.945604719764011
HOUSEHOLD_2_CA_2,2011-11-11,5.945604719764011
HOUSEHOLD_2_CA_2,2011-11-12,5.945604719764011
HOUSEHOLD_2_CA_2,2011-11-13,5.945604719764011
HOUSEHOLD_2_CA_2,2011-11-14,5.945604719764011
HOUSEHOLD_2_CA_2,2011-11-15,5.945604719764011
HOUSEHOLD_2_CA_2,2011-11-16,5.945604719764011
HOUSEHOLD_2_CA_2,2011-11-17,5.945604719764011
HOUSEHOLD_2_CA_2,2011-11-18,5.945604719764011
HOUSEHOLD_2_CA_2,2011-11-19,5.945604719764011
HOUSEHOLD_2_CA_2,2011-11-20,5.945604719764011
HOUSEHOLD_2_CA_2,2011-11-21,5.945604719764011
HOUSEHOLD_2_CA_2,2011-11-22,5.945604719764011
HOUSEHOLD_2_CA_2,2011-11-23,5.945604719764011
HOUSEHOLD_2_CA_2,2011-11-24,5.945604719764011
HOUSEHOLD_2_CA_2,2011-11-25,5.945604719764011
HOUSEHOLD_2_CA_2,2011-11-26,5.948554572271386
HOUSEHOLD_2_CA_2,2011-11-27,5.948554572271386
HOUSEHOLD_2_CA_2,2011-11-28,5.948554572271386
HOUSEHOLD_2_CA_2,2011-11-29,5.948554572271386
HOUSEHOLD_2_CA_2,2011-11-30,5.948554572271386
HOUSEHOLD_2_CA_2,2011-12-01,5.948554572271386
HOUSEHOLD_2_CA_2,2011-12-02,5.948554572271386
HOUSEHOLD_2_CA_2,2011-12-03,5.948554572271386
HOUSEHOLD_2_CA_2,2011-12-04,5.948554572271386
HOUSEHOLD_2_CA_2,2011-12-05,5.948554572271386
HOUSEHOLD_2_CA_2,2011-12-06,5.948554572271386
HOUSEHOLD_2_CA_2,2011-12-07,5.948554572271386
HOUSEHOLD_2_CA_2,2011-12-08,5.948554572271386
HOUSEHOLD_2_CA_2,2011-12-09,5.948554572271386
HOUSEHOLD_2_CA_2,2011-12-10,5.948554572271386
HOUSEHOLD_2_CA_2,2011-12-11,5.948554572271386
HOUSEHOLD_2_CA_2,2011-12-12,5.948554572271386
HOUSEHOLD_2_CA_2,2011-12-13,5.948554572271386
HOUSEHOLD_2_CA_2,2011-12-14,5.948554572271386
HOUSEHOLD_2_CA_2,2011-12-15,5.948554572271386
HOUSEHOLD_2_CA_2,2011-12-16,5.948554572271386
HOUSEHOLD_2_CA_2,2011-12-17,5.957647058823529
HOUSEHOLD_2_CA_2,2011-12-18,5.957647058823529
HOUSEHOLD_2_CA_2,2011-12-19,5.957647058823529
HOUSEHOLD_2_CA_2,2011-12-20,5.957647058823529
HOUSEHOLD_2_CA_2,2011-12-21,5.957647058823529
HOUSEHOLD_2_CA_2,2011-12-22,5.957647058823529
HOUSEHOLD_2_CA_2,2011-12-23,5.957647058823529
HOUSEHOLD_2_CA_2,2011-12-24,5.919037900874636
HOUSEHOLD_2_CA_2,2011-12-25,5.919037900874636
HOUSEHOLD_2_CA_2,2011-12-26,5.919037900874636
HOUSEHOLD_2_CA_2,2011-12-27,5.919037900874636
HOUSEHOLD_2_CA_2,2011-12-28,5.919037900874636
HOUSEHOLD_2_CA_2,2011-12-29,5.919037900874636
HOUSEHOLD_2_CA_2,2011-12-30,5.919037900874636
HOUSEHOLD_2_CA_2,2011-12-31,5.906512968299712
HOUSEHOLD_2_CA_2,2012-01-01,5.906512968299712
HOUSEHOLD_2_CA_2,2012-01-02,5.906512968299712
HOUSEHOLD_2_CA_2,2012-01-03,5.906512968299712
HOUSEHOLD_2_CA_2,2012-01-04,5.906512968299712
HOUSEHOLD_2_CA_2,2012-01-05,5.906512968299712
HOUSEHOLD_2_CA_2,2012-01-06,5.906512968299712
HOUSEHOLD_2_CA_2,2012-01-07,5.8970487106017195
HOUSEHOLD_2_CA_2,2012-01-08,5.8970487106017195
HOUSEHOLD_2_CA_2,2012-01-09,5.8970487106017195
HOUSEHOLD_2_CA_2,2012-01-10,5.8970487106017195
HOUSEHOLD_2_CA_2,2012-01-11,5.8970487106017195
HOUSEHOLD_2_CA_2,2012-01-12,5.8970487106017195
HOUSEHOLD_2_CA_2,2012-01-13,5.8970487106017195
HOUSEHOLD_2_CA_2,2012-01-14,5.890771428571428
HOUSEHOLD_2_CA_2,2012-01-15,5.890771428571428
HOUSEHOLD_2_CA_2,2012-01-16,5.890771428571428
HOUSEHOLD_2_CA_2,2012-01-17,5.890771428571428
HOUSEHOLD_2_CA_2,2012-01-18,5.890771428571428
HOUSEHOLD_2_CA_2,2012-01-19,5.890771428571428
HOUSEHOLD_2_CA_2,2012-01-20,5.890771428571428
HOUSEHOLD_2_CA_2,2012-01-21,5.96473087818697
HOUSEHOLD_2_CA_2,2012-01-22,5.96473087818697
HOUSEHOLD_2_CA_2,2012-01-23,5.96473087818697
HOUSEHOLD_2_CA_2,2012-01-24,5.96473087818697
HOUSEHOLD_2_CA_2,2012-01-25,5.96473087818697
HOUSEHOLD_2_CA_2,2012-01-26,5.96473087818697
HOUSEHOLD_2_CA_2,2012-01-27,5.96473087818697
HOUSEHOLD_2_CA_2,2012-01-28,5.9807909604519764
HOUSEHOLD_2_CA_2,2012-01-29,5.9807909604519764
HOUSEHOLD_2_CA_2,2012-01-30,5.9807909604519764
HOUSEHOLD_2_CA_2,2012-01-31,5.9807909604519764
HOUSEHOLD_2_CA_2,2012-02-01,5.9807909604519764
HOUSEHOLD_2_CA_2,2012-02-02,5.9807909604519764
HOUSEHOLD_2_CA_2,2012-02-03,5.9807909604519764
HOUSEHOLD_2_CA_2,2012-02-04,5.982696629213484
HOUSEHOLD_2_CA_2,2012-02-05,5.982696629213484
HOUSEHOLD_2_CA_2,2012-02-06,5.982696629213484
HOUSEHOLD_2_CA_2,2012-02-07,5.982696629213484
HOUSEHOLD_2_CA_2,2012-02-08,5.982696629213484
HOUSEHOLD_2_CA_2,2012-02-09,5.982696629213484
HOUSEHOLD_2_CA_2,2012-02-10,5.982696629213484
HOUSEHOLD_2_CA_2,2012-02-11,6.032569832402234
HOUSEHOLD_2_CA_2,2012-02-12,6.032569832402234
HOUSEHOLD_2_CA_2,2012-02-13,6.032569832402234
HOUSEHOLD_2_CA_2,2012-02-14,6.032569832402234
HOUSEHOLD_2_CA_2,2012-02-15,6.032569832402234
HOUSEHOLD_2_CA_2,2012-02-16,6.032569832402234
HOUSEHOLD_2_CA_2,2012-02-17,6.032569832402234
HOUSEHOLD_2_CA_2,2012-02-18,6.032011173184357
HOUSEHOLD_2_CA_2,2012-02-19,6.032011173184357
HOUSEHOLD_2_CA_2,2012-02-20,6.032011173184357
HOUSEHOLD_2_CA_2,2012-02-21,6.032011173184357
HOUSEHOLD_2_CA_2,2012-02-22,6.032011173184357
HOUSEHOLD_2_CA_2,2012-02-23,6.032011173184357
HOUSEHOLD_2_CA_2,2012-02-24,6.032011173184357
HOUSEHOLD_2_CA_2,2012-02-25,6.032262569832403
HOUSEHOLD_2_CA_2,2012-02-26,6.032262569832403
HOUSEHOLD_2_CA_2,2012-02-27,6.032262569832403
HOUSEHOLD_2_CA_2,2012-02-28,6.032262569832403
HOUSEHOLD_2_CA_2,2012-02-29,6.032262569832403
HOUSEHOLD_2_CA_2,2012-03-01,6.032262569832403
HOUSEHOLD_2_CA_2,2012-03-02,6.032262569832403
HOUSEHOLD_2_CA_2,2012-03-03,6.034245810055866
HOUSEHOLD_2_CA_2,2012-03-04,6.034245810055866
HOUSEHOLD_2_CA_2,2012-03-05,6.034245810055866
HOUSEHOLD_2_CA_2,2012-03-06,6.034245810055866
HOUSEHOLD_2_CA_2,2012-03-07,6.034245810055866
HOUSEHOLD_2_CA_2,2012-03-08,6.034245810055866
HOUSEHOLD_2_CA_2,2012-03-09,6.034245810055866
HOUSEHOLD_2_CA_2,2012-03-10,6.036852367688022
HOUSEHOLD_2_CA_2,2012-03-11,6.036852367688022
HOUSEHOLD_2_CA_2,2012-03-12,6.036852367688022
HOUSEHOLD_2_CA_2,2012-03-13,6.036852367688022
HOUSEHOLD_2_CA_2,2012-03-14,6.036852367688022
HOUSEHOLD_2_CA_2,2012-03-15,6.036852367688022
HOUSEHOLD_2_CA_2,2012-03-16,6.036852367688022
HOUSEHOLD_2_CA_2,2012-03-17,6.036852367688022
HOUSEHOLD_2_CA_2,2012-03-18,6.036852367688022
HOUSEHOLD_2_CA_2,2012-03-19,6.036852367688022
HOUSEHOLD_2_CA_2,2012-03-20,6.036852367688022
HOUSEHOLD_2_CA_2,2012-03-21,6.036852367688022
HOUSEHOLD_2_CA_2,2012-03-22,6.036852367688022
HOUSEHOLD_2_CA_2,2012-03-23,6.036852367688022
HOUSEHOLD_2_CA_2,2012-03-24,6.039637883008357
HOUSEHOLD_2_CA_2,2012-03-25,6.039637883008357
HOUSEHOLD_2_CA_2,2012-03-26,6.039637883008357
HOUSEHOLD_2_CA_2,2012-03-27,6.039637883008357
HOUSEHOLD_2_CA_2,2012-03-28,6.039637883008357
HOUSEHOLD_2_CA_2,2012-03-29,6.039637883008357
HOUSEHOLD_2_CA_2,2012-03-30,6.039637883008357
HOUSEHOLD_2_CA_2,2012-03-31,6.0360000000000005
HOUSEHOLD_2_CA_2,2012-04-01,6.0360000000000005
HOUSEHOLD_2_CA_2,2012-04-02,6.0360000000000005
HOUSEHOLD_2_CA_2,2012-04-03,6.0360000000000005
HOUSEHOLD_2_CA_2,2012-04-04,6.0360000000000005
HOUSEHOLD_2_CA_2,2012-04-05,6.0360000000000005
HOUSEHOLD_2_CA_2,2012-04-06,6.0360000000000005
HOUSEHOLD_2_CA_2,2012-04-07,6.026519337016574
HOUSEHOLD_2_CA_2,2012-04-08,6.026519337016574
HOUSEHOLD_2_CA_2,2012-04-09,6.026519337016574
HOUSEHOLD_2_CA_2,2012-04-10,6.026519337016574
HOUSEHOLD_2_CA_2,2012-04-11,6.026519337016574
HOUSEHOLD_2_CA_2,2012-04-12,6.026519337016574
HOUSEHOLD_2_CA_2,2012-04-13,6.026519337016574
HOUSEHOLD_2_CA_2,2012-04-14,6.021460055096418
HOUSEHOLD_2_CA_2,2012-04-15,6.021460055096418
HOUSEHOLD_2_CA_2,2012-04-16,6.021460055096418
HOUSEHOLD_2_CA_2,2012-04-17,6.021460055096418
HOUSEHOLD_2_CA_2,2012-04-18,6.021460055096418
HOUSEHOLD_2_CA_2,2012-04-19,6.021460055096418
HOUSEHOLD_2_CA_2,2012-04-20,6.021460055096418
HOUSEHOLD_2_CA_2,2012-04-21,6.021460055096418
HOUSEHOLD_2_CA_2,2012-04-22,6.021460055096418
HOUSEHOLD_2_CA_2,2012-04-23,6.021460055096418
HOUSEHOLD_2_CA_2,2012-04-24,6.021460055096418
HOUSEHOLD_2_CA_2,2012-04-25,6.021460055096418
HOUSEHOLD_2_CA_2,2012-04-26,6.021460055096418
HOUSEHOLD_2_CA_2,2012-04-27,6.021460055096418
HOUSEHOLD_2_CA_2,2012-04-28,6.015824175824177
HOUSEHOLD_2_CA_2,2012-04-29,6.015824175824177
HOUSEHOLD_2_CA_2,2012-04-30,6.015824175824177
HOUSEHOLD_2_CA_2,2012-05-01,6.015824175824177
HOUSEHOLD_2_CA_2,2012-05-02,6.015824175824177
HOUSEHOLD_2_CA_2,2012-05-03,6.015824175824177
HOUSEHOLD_2_CA_2,2012-05-04,6.015824175824177
HOUSEHOLD_2_CA_2,2012-05-05,6.015412087912089
HOUSEHOLD_2_CA_2,2012-05-06,6.015412087912089
HOUSEHOLD_2_CA_2,2012-05-07,6.015412087912089
HOUSEHOLD_2_CA_2,2012-05-08,6.015412087912089
HOUSEHOLD_2_CA_2,2012-05-09,6.015412087912089
HOUSEHOLD_2_CA_2,2012-05-10,6.015412087912089
HOUSEHOLD_2_CA_2,2012-05-11,6.015412087912089
HOUSEHOLD_2_CA_2,2012-05-12,6.01345205479452
HOUSEHOLD_2_CA_2,2012-05-13,6.01345205479452
HOUSEHOLD_2_CA_2,2012-05-14,6.01345205479452
HOUSEHOLD_2_CA_2,2012-05-15,6.01345205479452
HOUSEHOLD_2_CA_2,2012-05-16,6.01345205479452
HOUSEHOLD_2_CA_2,2012-05-17,6.01345205479452
HOUSEHOLD_2_CA_2,2012-05-18,6.01345205479452
HOUSEHOLD_2_CA_2,2012-05-19,6.018657534246575
HOUSEHOLD_2_CA_2,2012-05-20,6.018657534246575
HOUSEHOLD_2_CA_2,2012-05-21,6.018657534246575
HOUSEHOLD_2_CA_2,2012-05-22,6.018657534246575
HOUSEHOLD_2_CA_2,2012-05-23,6.018657534246575
HOUSEHOLD_2_CA_2,2012-05-24,6.018657534246575
HOUSEHOLD_2_CA_2,2012-05-25,6.018657534246575
HOUSEHOLD_2_CA_2,2012-05-26,6.01844262295082
HOUSEHOLD_2_CA_2,2012-05-27,6.01844262295082
HOUSEHOLD_2_CA_2,2012-05-28,6.01844262295082
HOUSEHOLD_2_CA_2,2012-05-29,6.01844262295082
HOUSEHOLD_2_CA_2,2012-05-30,6.01844262295082
HOUSEHOLD_2_CA_2,2012-05-31,6.01844262295082
HOUSEHOLD_2_CA_2,2012-06-01,6.01844262295082
HOUSEHOLD_2_CA_2,2012-06-02,6.020081967213114
HOUSEHOLD_2_CA_2,2012-06-03,6.020081967213114
HOUSEHOLD_2_CA_2,2012-06-04,6.020081967213114
HOUSEHOLD_2_CA_2,2012-06-05,6.020081967213114
HOUSEHOLD_2_CA_2,2012-06-06,6.020081967213114
HOUSEHOLD_2_CA_2,2012-06-07,6.020081967213114
HOUSEHOLD_2_CA_2,2012-06-08,6.020081967213114
HOUSEHOLD_2_CA_2,2012-06-09,6.017295081967213
HOUSEHOLD_2_CA_2,2012-06-10,6.017295081967213
HOUSEHOLD_2_CA_2,2012-06-11,6.017295081967213
HOUSEHOLD_2_CA_2,2012-06-12,6.017295081967213
HOUSEHOLD_2_CA_2,2012-06-13,6.017295081967213
HOUSEHOLD_2_CA_2,2012-06-14,6.017295081967213
HOUSEHOLD_2_CA_2,2012-06-15,6.017295081967213
HOUSEHOLD_2_CA_2,2012-06-16,6.013814713896458
HOUSEHOLD_2_CA_2,2012-06-17,6.013814713896458
HOUSEHOLD_2_CA_2,2012-06-18,6.013814713896458
HOUSEHOLD_2_CA_2,2012-06-19,6.013814713896458
HOUSEHOLD_2_CA_2,2012-06-20,6.013814713896458
HOUSEHOLD_2_CA_2,2012-06-21,6.013814713896458
HOUSEHOLD_2_CA_2,2012-06-22,6.013814713896458
HOUSEHOLD_2_CA_2,2012-06-23,6.007319034852547
HOUSEHOLD_2_CA_2,2012-06-24,6.007319034852547
HOUSEHOLD_2_CA_2,2012-06-25,6.007319034852547
HOUSEHOLD_2_CA_2,2012-06-26,6.007319034852547
HOUSEHOLD_2_CA_2,2012-06-27,6.007319034852547
HOUSEHOLD_2_CA_2,2012-06-28,6.007319034852547
HOUSEHOLD_2_CA_2,2012-06-29,6.007319034852547
HOUSEHOLD_2_CA_2,2012-06-30,6.002400000000001
HOUSEHOLD_2_CA_2,2012-07-01,6.002400000000001
HOUSEHOLD_2_CA_2,2012-07-02,6.002400000000001
HOUSEHOLD_2_CA_2,2012-07-03,6.002400000000001
HOUSEHOLD_2_CA_2,2012-07-04,6.002400000000001
HOUSEHOLD_2_CA_2,2012-07-05,6.002400000000001
HOUSEHOLD_2_CA_2,2012-07-06,6.002400000000001
HOUSEHOLD_2_CA_2,2012-07-07,6.008567639257294
HOUSEHOLD_2_CA_2,2012-07-08,6.008567639257294
HOUSEHOLD_2_CA_2,2012-07-09,6.008567639257294
HOUSEHOLD_2_CA_2,2012-07-10,6.008567639257294
HOUSEHOLD_2_CA_2,2012-07-11,6.008567639257294
HOUSEHOLD_2_CA_2,2012-07-12,6.008567639257294
HOUSEHOLD_2_CA_2,2012-07-13,6.008567639257294
HOUSEHOLD_2_CA_2,2012-07-14,5.999232804232804
HOUSEHOLD_2_CA_2,2012-07-15,5.999232804232804
HOUSEHOLD_2_CA_2,2012-07-16,5.999232804232804
HOUSEHOLD_2_CA_2,2012-07-17,5.999232804232804
HOUSEHOLD_2_CA_2,2012-07-18,5.999232804232804
HOUSEHOLD_2_CA_2,2012-07-19,5.999232804232804
HOUSEHOLD_2_CA_2,2012-07-20,5.999232804232804
HOUSEHOLD_2_CA_2,2012-07-21,5.997116402116402
HOUSEHOLD_2_CA_2,2012-07-22,5.997116402116402
HOUSEHOLD_2_CA_2,2012-07-23,5.997116402116402
HOUSEHOLD_2_CA_2,2012-07-24,5.997116402116402
HOUSEHOLD_2_CA_2,2012-07-25,5.997116402116402
HOUSEHOLD_2_CA_2,2012-07-26,5.997116402116402
HOUSEHOLD_2_CA_2,2012-07-27,5.997116402116402
HOUSEHOLD_2_CA_2,2012-07-28,5.998703703703704
HOUSEHOLD_2_CA_2,2012-07-29,5.998703703703704
HOUSEHOLD_2_CA_2,2012-07-30,5.998703703703704
HOUSEHOLD_2_CA_2,2012-07-31,5.998703703703704
HOUSEHOLD_2_CA_2,2012-08-01,5.998703703703704
HOUSEHOLD_2_CA_2,2012-08-02,5.998703703703704
HOUSEHOLD_2_CA_2,2012-08-03,5.998703703703704
HOUSEHOLD_2_CA_2,2012-08-04,5.999100529100529
HOUSEHOLD_2_CA_2,2012-08-05,5.999100529100529
HOUSEHOLD_2_CA_2,2012-08-06,5.999100529100529
HOUSEHOLD_2_CA_2,2012-08-07,5.999100529100529
HOUSEHOLD_2_CA_2,2012-08-08,5.999100529100529
HOUSEHOLD_2_CA_2,2012-08-09,5.999100529100529
HOUSEHOLD_2_CA_2,2012-08-10,5.999100529100529
HOUSEHOLD_2_CA_2,2012-08-11,5.999100529100529
HOUSEHOLD_2_CA_2,2012-08-12,5.999100529100529
HOUSEHOLD_2_CA_2,2012-08-13,5.999100529100529
HOUSEHOLD_2_CA_2,2012-08-14,5.999100529100529
HOUSEHOLD_2_CA_2,2012-08-15,5.999100529100529
HOUSEHOLD_2_CA_2,2012-08-16,5.999100529100529
HOUSEHOLD_2_CA_2,2012-08-17,5.999100529100529
HOUSEHOLD_2_CA_2,2012-08-18,6.001662269129288
HOUSEHOLD_2_CA_2,2012-08-19,6.001662269129288
HOUSEHOLD_2_CA_2,2012-08-20,6.001662269129288
HOUSEHOLD_2_CA_2,2012-08-21,6.001662269129288
HOUSEHOLD_2_CA_2,2012-08-22,6.001662269129288
HOUSEHOLD_2_CA_2,2012-08-23,6.001662269129288
HOUSEHOLD_2_CA_2,2012-08-24,6.001662269129288
HOUSEHOLD_2_CA_2,2012-08-25,6.001662269129288
HOUSEHOLD_2_CA_2,2012-08-26,6.001662269129288
HOUSEHOLD_2_CA_2,2012-08-27,6.001662269129288
HOUSEHOLD_2_CA_2,2012-08-28,6.001662269129288
HOUSEHOLD_2_CA_2,2012-08-29,6.001662269129288
HOUSEHOLD_2_CA_2,2012-08-30,6.001662269129288
HOUSEHOLD_2_CA_2,2012-08-31,6.001662269129288
HOUSEHOLD_2_CA_2,2012-09-01,6.000183727034121
HOUSEHOLD_2_CA_2,2012-09-02,6.000183727034121
HOUSEHOLD_2_CA_2,2012-09-03,6.000183727034121
HOUSEHOLD_2_CA_2,2012-09-04,6.000183727034121
HOUSEHOLD_2_CA_2,2012-09-05,6.000183727034121
HOUSEHOLD_2_CA_2,2012-09-06,6.000183727034121
HOUSEHOLD_2_CA_2,2012-09-07,6.000183727034121
HOUSEHOLD_2_CA_2,2012-09-08,6.006587926509187
HOUSEHOLD_2_CA_2,2012-09-09,6.006587926509187
HOUSEHOLD_2_CA_2,2012-09-10,6.006587926509187
HOUSEHOLD_2_CA_2,2012-09-11,6.006587926509187
HOUSEHOLD_2_CA_2,2012-09-12,6.006587926509187
HOUSEHOLD_2_CA_2,2012-09-13,6.006587926509187
HOUSEHOLD_2_CA_2,2012-09-14,6.006587926509187
HOUSEHOLD_2_CA_2,2012-09-15,6.006587926509187
HOUSEHOLD_2_CA_2,2012-09-16,6.006587926509187
HOUSEHOLD_2_CA_2,2012-09-17,6.006587926509187
HOUSEHOLD_2_CA_2,2012-09-18,6.006587926509187
HOUSEHOLD_2_CA_2,2012-09-19,6.006587926509187
HOUSEHOLD_2_CA_2,2012-09-20,6.006587926509187
HOUSEHOLD_2_CA_2,2012-09-21,6.006587926509187
HOUSEHOLD_2_CA_2,2012-09-22,6.006587926509187
HOUSEHOLD_2_CA_2,2012-09-23,6.006587926509187
HOUSEHOLD_2_CA_2,2012-09-24,6.006587926509187
HOUSEHOLD_2_CA_2,2012-09-25,6.006587926509187
HOUSEHOLD_2_CA_2,2012-09-26,6.006587926509187
HOUSEHOLD_2_CA_2,2012-09-27,6.006587926509187
HOUSEHOLD_2_CA_2,2012-09-28,6.006587926509187
HOUSEHOLD_2_CA_2,2012-09-29,5.996020942408377
HOUSEHOLD_2_CA_2,2012-09-30,5.996020942408377
HOUSEHOLD_2_CA_2,2012-10-01,5.996020942408377
HOUSEHOLD_2_CA_2,2012-10-02,5.996020942408377
HOUSEHOLD_2_CA_2,2012-10-03,5.996020942408377
HOUSEHOLD_2_CA_2,2012-10-04,5.996020942408377
HOUSEHOLD_2_CA_2,2012-10-05,5.996020942408377
HOUSEHOLD_2_CA_2,2012-10-06,5.989086161879896
HOUSEHOLD_2_CA_2,2012-10-07,5.989086161879896
HOUSEHOLD_2_CA_2,2012-10-08,5.989086161879896
HOUSEHOLD_2_CA_2,2012-10-09,5.989086161879896
HOUSEHOLD_2_CA_2,2012-10-10,5.989086161879896
HOUSEHOLD_2_CA_2,2012-10-11,5.989086161879896
HOUSEHOLD_2_CA_2,2012-10-12,5.989086161879896
HOUSEHOLD_2_CA_2,2012-10-13,5.984973958333334
HOUSEHOLD_2_CA_2,2012-10-14,5.984973958333334
HOUSEHOLD_2_CA_2,2012-10-15,5.984973958333334
HOUSEHOLD_2_CA_2,2012-10-16,5.984973958333334
HOUSEHOLD_2_CA_2,2012-10-17,5.984973958333334
HOUSEHOLD_2_CA_2,2012-10-18,5.984973958333334
HOUSEHOLD_2_CA_2,2012-10-19,5.984973958333334
HOUSEHOLD_2_CA_2,2012-10-20,5.984973958333334
HOUSEHOLD_2_CA_2,2012-10-21,5.984973958333334
HOUSEHOLD_2_CA_2,2012-10-22,5.984973958333334
HOUSEHOLD_2_CA_2,2012-10-23,5.984973958333334
HOUSEHOLD_2_CA_2,2012-10-24,5.984973958333334
HOUSEHOLD_2_CA_2,2012-10-25,5.984973958333334
HOUSEHOLD_2_CA_2,2012-10-26,5.984973958333334
HOUSEHOLD_2_CA_2,2012-10-27,5.994961038961039
HOUSEHOLD_2_CA_2,2012-10-28,5.994961038961039
HOUSEHOLD_2_CA_2,2012-10-29,5.994961038961039
HOUSEHOLD_2_CA_2,2012-10-30,5.994961038961039
HOUSEHOLD_2_CA_2,2012-10-31,5.994961038961039
HOUSEHOLD_2_CA_2,2012-11-01,5.994961038961039
HOUSEHOLD_2_CA_2,2012-11-02,5.994961038961039
HOUSEHOLD_2_CA_2,2012-11-03,5.993514211886304
HOUSEHOLD_2_CA_2,2012-11-04,5.993514211886304
HOUSEHOLD_2_CA_2,2012-11-05,5.993514211886304
HOUSEHOLD_2_CA_2,2012-11-06,5.993514211886304
HOUSEHOLD_2_CA_2,2012-11-07,5.993514211886304
HOUSEHOLD_2_CA_2,2012-11-08,5.993514211886304
HOUSEHOLD_2_CA_2,2012-11-09,5.993514211886304
HOUSEHOLD_2_CA_2,2012-11-10,5.982739018087856
HOUSEHOLD_2_CA_2,2012-11-11,5.982739018087856
HOUSEHOLD_2_CA_2,2012-11-12,5.982739018087856
HOUSEHOLD_2_CA_2,2012-11-13,5.982739018087856
HOUSEHOLD_2_CA_2,2012-11-14,5.982739018087856
HOUSEHOLD_2_CA_2,2012-11-15,5.982739018087856
HOUSEHOLD_2_CA_2,2012-11-16,5.982739018087856
HOUSEHOLD_2_CA_2,2012-11-17,5.97930412371134
HOUSEHOLD_2_CA_2,2012-11-18,5.97930412371134
HOUSEHOLD_2_CA_2,2012-11-19,5.97930412371134
HOUSEHOLD_2_CA_2,2012-11-20,5.97930412371134
HOUSEHOLD_2_CA_2,2012-11-21,5.97930412371134
HOUSEHOLD_2_CA_2,2012-11-22,5.97930412371134
HOUSEHOLD_2_CA_2,2012-11-23,5.97930412371134
HOUSEHOLD_2_CA_2,2012-11-24,5.9799999999999995
HOUSEHOLD_2_CA_2,2012-11-25,5.9799999999999995
HOUSEHOLD_2_CA_2,2012-11-26,5.9799999999999995
HOUSEHOLD_2_CA_2,2012-11-27,5.9799999999999995
HOUSEHOLD_2_CA_2,2012-11-28,5.9799999999999995
HOUSEHOLD_2_CA_2,2012-11-29,5.9799999999999995
HOUSEHOLD_2_CA_2,2012-11-30,5.9799999999999995
HOUSEHOLD_2_CA_2,2012-12-01,5.979922680412371
HOUSEHOLD_2_CA_2,2012-12-02,5.979922680412371
HOUSEHOLD_2_CA_2,2012-12-03,5.979922680412371
HOUSEHOLD_2_CA_2,2012-12-04,5.979922680412371
HOUSEHOLD_2_CA_2,2012-12-05,5.979922680412371
HOUSEHOLD_2_CA_2,2012-12-06,5.979922680412371
HOUSEHOLD_2_CA_2,2012-12-07,5.979922680412371
HOUSEHOLD_2_CA_2,2012-12-08,5.9795384615384615
HOUSEHOLD_2_CA_2,2012-12-09,5.9795384615384615
HOUSEHOLD_2_CA_2,2012-12-10,5.9795384615384615
HOUSEHOLD_2_CA_2,2012-12-11,5.9795384615384615
HOUSEHOLD_2_CA_2,2012-12-12,5.9795384615384615
HOUSEHOLD_2_CA_2,2012-12-13,5.9795384615384615
HOUSEHOLD_2_CA_2,2012-12-14,5.9795384615384615
HOUSEHOLD_2_CA_2,2012-12-15,5.972360406091371
HOUSEHOLD_2_CA_2,2012-12-16,5.972360406091371
HOUSEHOLD_2_CA_2,2012-12-17,5.972360406091371
HOUSEHOLD_2_CA_2,2012-12-18,5.972360406091371
HOUSEHOLD_2_CA_2,2012-12-19,5.972360406091371
HOUSEHOLD_2_CA_2,2012-12-20,5.972360406091371
HOUSEHOLD_2_CA_2,2012-12-21,5.972360406091371
HOUSEHOLD_2_CA_2,2012-12-22,5.967405541561713
HOUSEHOLD_2_CA_2,2012-12-23,5.967405541561713
HOUSEHOLD_2_CA_2,2012-12-24,5.967405541561713
HOUSEHOLD_2_CA_2,2012-12-25,5.967405541561713
HOUSEHOLD_2_CA_2,2012-12-26,5.967405541561713
HOUSEHOLD_2_CA_2,2012-12-27,5.967405541561713
HOUSEHOLD_2_CA_2,2012-12-28,5.967405541561713
HOUSEHOLD_2_CA_2,2012-12-29,5.955639097744362
HOUSEHOLD_2_CA_2,2012-12-30,5.955639097744362
HOUSEHOLD_2_CA_2,2012-12-31,5.955639097744362
HOUSEHOLD_2_CA_2,2013-01-01,5.955639097744362
HOUSEHOLD_2_CA_2,2013-01-02,5.955639097744362
HOUSEHOLD_2_CA_2,2013-01-03,5.955639097744362
HOUSEHOLD_2_CA_2,2013-01-04,5.955639097744362
HOUSEHOLD_2_CA_2,2013-01-05,5.9513
HOUSEHOLD_2_CA_2,2013-01-06,5.9513
HOUSEHOLD_2_CA_2,2013-01-07,5.9513
HOUSEHOLD_2_CA_2,2013-01-08,5.9513
HOUSEHOLD_2_CA_2,2013-01-09,5.9513
HOUSEHOLD_2_CA_2,2013-01-10,5.9513
HOUSEHOLD_2_CA_2,2013-01-11,5.9513
HOUSEHOLD_2_CA_2,2013-01-12,5.932960199004976
HOUSEHOLD_2_CA_2,2013-01-13,5.932960199004976
HOUSEHOLD_2_CA_2,2013-01-14,5.932960199004976
HOUSEHOLD_2_CA_2,2013-01-15,5.932960199004976
HOUSEHOLD_2_CA_2,2013-01-16,5.932960199004976
HOUSEHOLD_2_CA_2,2013-01-17,5.932960199004976
HOUSEHOLD_2_CA_2,2013-01-18,5.932960199004976
HOUSEHOLD_2_CA_2,2013-01-19,5.931910669975186
HOUSEHOLD_2_CA_2,2013-01-20,5.931910669975186
HOUSEHOLD_2_CA_2,2013-01-21,5.931910669975186
HOUSEHOLD_2_CA_2,2013-01-22,5.931910669975186
HOUSEHOLD_2_CA_2,2013-01-23,5.931910669975186
HOUSEHOLD_2_CA_2,2013-01-24,5.931910669975186
HOUSEHOLD_2_CA_2,2013-01-25,5.931910669975186
HOUSEHOLD_2_CA_2,2013-01-26,5.913866995073892
HOUSEHOLD_2_CA_2,2013-01-27,5.913866995073892
HOUSEHOLD_2_CA_2,2013-01-28,5.913866995073892
HOUSEHOLD_2_CA_2,2013-01-29,5.913866995073892
HOUSEHOLD_2_CA_2,2013-01-30,5.913866995073892
HOUSEHOLD_2_CA_2,2013-01-31,5.913866995073892
HOUSEHOLD_2_CA_2,2013-02-01,5.913866995073892
HOUSEHOLD_2_CA_2,2013-02-02,5.894583333333334
HOUSEHOLD_2_CA_2,2013-02-03,5.894583333333334
HOUSEHOLD_2_CA_2,2013-02-04,5.894583333333334
HOUSEHOLD_2_CA_2,2013-02-05,5.894583333333334
HOUSEHOLD_2_CA_2,2013-02-06,5.894583333333334
HOUSEHOLD_2_CA_2,2013-02-07,5.894583333333334
HOUSEHOLD_2_CA_2,2013-02-08,5.894583333333334
HOUSEHOLD_2_CA_2,2013-02-09,5.9065206812652065
HOUSEHOLD_2_CA_2,2013-02-10,5.9065206812652065
HOUSEHOLD_2_CA_2,2013-02-11,5.9065206812652065
HOUSEHOLD_2_CA_2,2013-02-12,5.9065206812652065
HOUSEHOLD_2_CA_2,2013-02-13,5.9065206812652065
HOUSEHOLD_2_CA_2,2013-02-14,5.9065206812652065
HOUSEHOLD_2_CA_2,2013-02-15,5.9065206812652065
HOUSEHOLD_2_CA_2,2013-02-16,5.900458937198067
HOUSEHOLD_2_CA_2,2013-02-17,5.900458937198067
HOUSEHOLD_2_CA_2,2013-02-18,5.900458937198067
HOUSEHOLD_2_CA_2,2013-02-19,5.900458937198067
HOUSEHOLD_2_CA_2,2013-02-20,5.900458937198067
HOUSEHOLD_2_CA_2,2013-02-21,5.900458937198067
HOUSEHOLD_2_CA_2,2013-02-22,5.900458937198067
HOUSEHOLD_2_CA_2,2013-02-23,5.888441247002398
HOUSEHOLD_2_CA_2,2013-02-24,5.888441247002398
HOUSEHOLD_2_CA_2,2013-02-25,5.888441247002398
HOUSEHOLD_2_CA_2,2013-02-26,5.888441247002398
HOUSEHOLD_2_CA_2,2013-02-27,5.888441247002398
HOUSEHOLD_2_CA_2,2013-02-28,5.888441247002398
HOUSEHOLD_2_CA_2,2013-03-01,5.888441247002398
HOUSEHOLD_2_CA_2,2013-03-02,5.888369304556354
HOUSEHOLD_2_CA_2,2013-03-03,5.888369304556354
HOUSEHOLD_2_CA_2,2013-03-04,5.888369304556354
HOUSEHOLD_2_CA_2,2013-03-05,5.888369304556354
HOUSEHOLD_2_CA_2,2013-03-06,5.888369304556354
HOUSEHOLD_2_CA_2,2013-03-07,5.888369304556354
HOUSEHOLD_2_CA_2,2013-03-08,5.888369304556354
HOUSEHOLD_2_CA_2,2013-03-09,5.888369304556354
HOUSEHOLD_2_CA_2,2013-03-10,5.888369304556354
HOUSEHOLD_2_CA_2,2013-03-11,5.888369304556354
HOUSEHOLD_2_CA_2,2013-03-12,5.888369304556354
HOUSEHOLD_2_CA_2,2013-03-13,5.888369304556354
HOUSEHOLD_2_CA_2,2013-03-14,5.888369304556354
HOUSEHOLD_2_CA_2,2013-03-15,5.888369304556354
HOUSEHOLD_2_CA_2,2013-03-16,5.873532219570406
HOUSEHOLD_2_CA_2,2013-03-17,5.873532219570406
HOUSEHOLD_2_CA_2,2013-03-18,5.873532219570406
HOUSEHOLD_2_CA_2,2013-03-19,5.873532219570406
HOUSEHOLD_2_CA_2,2013-03-20,5.873532219570406
HOUSEHOLD_2_CA_2,2013-03-21,5.873532219570406
HOUSEHOLD_2_CA_2,2013-03-22,5.873532219570406
HOUSEHOLD_2_CA_2,2013-03-23,5.869311163895487
HOUSEHOLD_2_CA_2,2013-03-24,5.869311163895487
HOUSEHOLD_2_CA_2,2013-03-25,5.869311163895487
HOUSEHOLD_2_CA_2,2013-03-26,5.869311163895487
HOUSEHOLD_2_CA_2,2013-03-27,5.869311163895487
HOUSEHOLD_2_CA_2,2013-03-28,5.869311163895487
HOUSEHOLD_2_CA_2,2013-03-29,5.869311163895487
HOUSEHOLD_2_CA_2,2013-03-30,5.851082352941177
HOUSEHOLD_2_CA_2,2013-03-31,5.851082352941177
HOUSEHOLD_2_CA_2,2013-04-01,5.851082352941177
HOUSEHOLD_2_CA_2,2013-04-02,5.851082352941177
HOUSEHOLD_2_CA_2,2013-04-03,5.851082352941177
HOUSEHOLD_2_CA_2,2013-04-04,5.851082352941177
HOUSEHOLD_2_CA_2,2013-04-05,5.851082352941177
HOUSEHOLD_2_CA_2,2013-04-06,5.8340420560747654
HOUSEHOLD_2_CA_2,2013-04-07,5.8340420560747654
HOUSEHOLD_2_CA_2,2013-04-08,5.8340420560747654
HOUSEHOLD_2_CA_2,2013-04-09,5.8340420560747654
HOUSEHOLD_2_CA_2,2013-04-10,5.8340420560747654
HOUSEHOLD_2_CA_2,2013-04-11,5.8340420560747654
HOUSEHOLD_2_CA_2,2013-04-12,5.8340420560747654
HOUSEHOLD_2_CA_2,2013-04-13,5.834556074766355
HOUSEHOLD_2_CA_2,2013-04-14,5.834556074766355
HOUSEHOLD_2_CA_2,2013-04-15,5.834556074766355
HOUSEHOLD_2_CA_2,2013-04-16,5.834556074766355
HOUSEHOLD_2_CA_2,2013-04-17,5.834556074766355
HOUSEHOLD_2_CA_2,2013-04-18,5.834556074766355
HOUSEHOLD_2_CA_2,2013-04-19,5.834556074766355
HOUSEHOLD_2_CA_2,2013-04-20,5.8286480186480185
HOUSEHOLD_2_CA_2,2013-04-21,5.8286480186480185
HOUSEHOLD_2_CA_2,2013-04-22,5.8286480186480185
HOUSEHOLD_2_CA_2,2013-04-23,5.8286480186480185
HOUSEHOLD_2_CA_2,2013-04-24,5.8286480186480185
HOUSEHOLD_2_CA_2,2013-04-25,5.8286480186480185
HOUSEHOLD_2_CA_2,2013-04-26,5.8286480186480185
HOUSEHOLD_2_CA_2,2013-04-27,5.824325581395349
HOUSEHOLD_2_CA_2,2013-04-28,5.824325581395349
HOUSEHOLD_2_CA_2,2013-04-29,5.824325581395349
HOUSEHOLD_2_CA_2,2013-04-30,5.824325581395349
HOUSEHOLD_2_CA_2,2013-05-01,5.824325581395349
HOUSEHOLD_2_CA_2,2013-05-02,5.824325581395349
HOUSEHOLD_2_CA_2,2013-05-03,5.824325581395349
HOUSEHOLD_2_CA_2,2013-05-04,5.8246635730858465
HOUSEHOLD_2_CA_2,2013-05-05,5.8246635730858465
HOUSEHOLD_2_CA_2,2013-05-06,5.8246635730858465
HOUSEHOLD_2_CA_2,2013-05-07,5.8246635730858465
HOUSEHOLD_2_CA_2,2013-05-08,5.8246635730858465
HOUSEHOLD_2_CA_2,2013-05-09,5.8246635730858465
HOUSEHOLD_2_CA_2,2013-05-10,5.8246635730858465
HOUSEHOLD_2_CA_2,2013-05-11,5.8264896073903
HOUSEHOLD_2_CA_2,2013-05-12,5.8264896073903
HOUSEHOLD_2_CA_2,2013-05-13,5.8264896073903
HOUSEHOLD_2_CA_2,2013-05-14,5.8264896073903
HOUSEHOLD_2_CA_2,2013-05-15,5.8264896073903
HOUSEHOLD_2_CA_2,2013-05-16,5.8264896073903
HOUSEHOLD_2_CA_2,2013-05-17,5.8264896073903
HOUSEHOLD_2_CA_2,2013-05-18,5.826374133949192
HOUSEHOLD_2_CA_2,2013-05-19,5.826374133949192
HOUSEHOLD_2_CA_2,2013-05-20,5.826374133949192
HOUSEHOLD_2_CA_2,2013-05-21,5.826374133949192
HOUSEHOLD_2_CA_2,2013-05-22,5.826374133949192
HOUSEHOLD_2_CA_2,2013-05-23,5.826374133949192
HOUSEHOLD_2_CA_2,2013-05-24,5.826374133949192
HOUSEHOLD_2_CA_2,2013-05-25,5.826374133949192
HOUSEHOLD_2_CA_2,2013-05-26,5.826374133949192
HOUSEHOLD_2_CA_2,2013-05-27,5.826374133949192
HOUSEHOLD_2_CA_2,2013-05-28,5.826374133949192
HOUSEHOLD_2_CA_2,2013-05-29,5.826374133949192
HOUSEHOLD_2_CA_2,2013-05-30,5.826374133949192
HOUSEHOLD_2_CA_2,2013-05-31,5.826374133949192
HOUSEHOLD_2_CA_2,2013-06-01,5.824400921658986
HOUSEHOLD_2_CA_2,2013-06-02,5.824400921658986
HOUSEHOLD_2_CA_2,2013-06-03,5.824400921658986
HOUSEHOLD_2_CA_2,2013-06-04,5.824400921658986
HOUSEHOLD_2_CA_2,2013-06-05,5.824400921658986
HOUSEHOLD_2_CA_2,2013-06-06,5.824400921658986
HOUSEHOLD_2_CA_2,2013-06-07,5.824400921658986
HOUSEHOLD_2_CA_2,2013-06-08,5.822436781609196
HOUSEHOLD_2_CA_2,2013-06-09,5.822436781609196
HOUSEHOLD_2_CA_2,2013-06-10,5.822436781609196
HOUSEHOLD_2_CA_2,2013-06-11,5.822436781609196
HOUSEHOLD_2_CA_2,2013-06-12,5.822436781609196
HOUSEHOLD_2_CA_2,2013-06-13,5.822436781609196
HOUSEHOLD_2_CA_2,2013-06-14,5.822436781609196
HOUSEHOLD_2_CA_2,2013-06-15,5.822436781609196
HOUSEHOLD_2_CA_2,2013-06-16,5.822436781609196
HOUSEHOLD_2_CA_2,2013-06-17,5.822436781609196
HOUSEHOLD_2_CA_2,2013-06-18,5.822436781609196
HOUSEHOLD_2_CA_2,2013-06-19,5.822436781609196
HOUSEHOLD_2_CA_2,2013-06-20,5.822436781609196
HOUSEHOLD_2_CA_2,2013-06-21,5.822436781609196
HOUSEHOLD_2_CA_2,2013-06-22,5.821218390804598
HOUSEHOLD_2_CA_2,2013-06-23,5.821218390804598
HOUSEHOLD_2_CA_2,2013-06-24,5.821218390804598
HOUSEHOLD_2_CA_2,2013-06-25,5.821218390804598
HOUSEHOLD_2_CA_2,2013-06-26,5.821218390804598
HOUSEHOLD_2_CA_2,2013-06-27,5.821218390804598
HOUSEHOLD_2_CA_2,2013-06-28,5.821218390804598
HOUSEHOLD_2_CA_2,2013-06-29,5.821218390804598
HOUSEHOLD_2_CA_2,2013-06-30,5.821218390804598
HOUSEHOLD_2_CA_2,2013-07-01,5.821218390804598
HOUSEHOLD_2_CA_2,2013-07-02,5.821218390804598
HOUSEHOLD_2_CA_2,2013-07-03,5.821218390804598
HOUSEHOLD_2_CA_2,2013-07-04,5.821218390804598
HOUSEHOLD_2_CA_2,2013-07-05,5.821218390804598
HOUSEHOLD_2_CA_2,2013-07-06,5.821444954128441
HOUSEHOLD_2_CA_2,2013-07-07,5.821444954128441
HOUSEHOLD_2_CA_2,2013-07-08,5.821444954128441
HOUSEHOLD_2_CA_2,2013-07-09,5.821444954128441
HOUSEHOLD_2_CA_2,2013-07-10,5.821444954128441
HOUSEHOLD_2_CA_2,2013-07-11,5.821444954128441
HOUSEHOLD_2_CA_2,2013-07-12,5.821444954128441
HOUSEHOLD_2_CA_2,2013-07-13,5.820298165137615
HOUSEHOLD_2_CA_2,2013-07-14,5.820298165137615
HOUSEHOLD_2_CA_2,2013-07-15,5.820298165137615
HOUSEHOLD_2_CA_2,2013-07-16,5.820298165137615
HOUSEHOLD_2_CA_2,2013-07-17,5.820298165137615
HOUSEHOLD_2_CA_2,2013-07-18,5.820298165137615
HOUSEHOLD_2_CA_2,2013-07-19,5.820298165137615
HOUSEHOLD_2_CA_2,2013-07-20,5.815596330275229
HOUSEHOLD_2_CA_2,2013-07-21,5.815596330275229
HOUSEHOLD_2_CA_2,2013-07-22,5.815596330275229
HOUSEHOLD_2_CA_2,2013-07-23,5.815596330275229
HOUSEHOLD_2_CA_2,2013-07-24,5.815596330275229
HOUSEHOLD_2_CA_2,2013-07-25,5.815596330275229
HOUSEHOLD_2_CA_2,2013-07-26,5.815596330275229
HOUSEHOLD_2_CA_2,2013-07-27,5.820183486238532
HOUSEHOLD_2_CA_2,2013-07-28,5.820183486238532
HOUSEHOLD_2_CA_2,2013-07-29,5.820183486238532
HOUSEHOLD_2_CA_2,2013-07-30,5.820183486238532
HOUSEHOLD_2_CA_2,2013-07-31,5.820183486238532
HOUSEHOLD_2_CA_2,2013-08-01,5.820183486238532
HOUSEHOLD_2_CA_2,2013-08-02,5.820183486238532
HOUSEHOLD_2_CA_2,2013-08-03,5.820183486238532
HOUSEHOLD_2_CA_2,2013-08-04,5.820183486238532
HOUSEHOLD_2_CA_2,2013-08-05,5.820183486238532
HOUSEHOLD_2_CA_2,2013-08-06,5.820183486238532
HOUSEHOLD_2_CA_2,2013-08-07,5.820183486238532
HOUSEHOLD_2_CA_2,2013-08-08,5.820183486238532
HOUSEHOLD_2_CA_2,2013-08-09,5.820183486238532
HOUSEHOLD_2_CA_2,2013-08-10,5.8200688073394495
HOUSEHOLD_2_CA_2,2013-08-11,5.8200688073394495
HOUSEHOLD_2_CA_2,2013-08-12,5.8200688073394495
HOUSEHOLD_2_CA_2,2013-08-13,5.8200688073394495
HOUSEHOLD_2_CA_2,2013-08-14,5.8200688073394495
HOUSEHOLD_2_CA_2,2013-08-15,5.8200688073394495
HOUSEHOLD_2_CA_2,2013-08-16,5.8200688073394495
HOUSEHOLD_2_CA_2,2013-08-17,5.818853211009174
HOUSEHOLD_2_CA_2,2013-08-18,5.818853211009174
HOUSEHOLD_2_CA_2,2013-08-19,5.818853211009174
HOUSEHOLD_2_CA_2,2013-08-20,5.818853211009174
HOUSEHOLD_2_CA_2,2013-08-21,5.818853211009174
HOUSEHOLD_2_CA_2,2013-08-22,5.818853211009174
HOUSEHOLD_2_CA_2,2013-08-23,5.818853211009174
HOUSEHOLD_2_CA_2,2013-08-24,5.819655963302752
HOUSEHOLD_2_CA_2,2013-08-25,5.819655963302752
HOUSEHOLD_2_CA_2,2013-08-26,5.819655963302752
HOUSEHOLD_2_CA_2,2013-08-27,5.819655963302752
HOUSEHOLD_2_CA_2,2013-08-28,5.819655963302752
HOUSEHOLD_2_CA_2,2013-08-29,5.819655963302752
HOUSEHOLD_2_CA_2,2013-08-30,5.819655963302752
HOUSEHOLD_2_CA_2,2013-08-31,5.819655963302752
HOUSEHOLD_2_CA_2,2013-09-01,5.819655963302752
HOUSEHOLD_2_CA_2,2013-09-02,5.819655963302752
HOUSEHOLD_2_CA_2,2013-09-03,5.819655963302752
HOUSEHOLD_2_CA_2,2013-09-04,5.819655963302752
HOUSEHOLD_2_CA_2,2013-09-05,5.819655963302752
HOUSEHOLD_2_CA_2,2013-09-06,5.819655963302752
HOUSEHOLD_2_CA_2,2013-09-07,5.819655963302752
HOUSEHOLD_2_CA_2,2013-09-08,5.819655963302752
HOUSEHOLD_2_CA_2,2013-09-09,5.819655963302752
HOUSEHOLD_2_CA_2,2013-09-10,5.819655963302752
HOUSEHOLD_2_CA_2,2013-09-11,5.819655963302752
HOUSEHOLD_2_CA_2,2013-09-12,5.819655963302752
HOUSEHOLD_2_CA_2,2013-09-13,5.819655963302752
HOUSEHOLD_2_CA_2,2013-09-14,5.813188073394496
HOUSEHOLD_2_CA_2,2013-09-15,5.813188073394496
HOUSEHOLD_2_CA_2,2013-09-16,5.813188073394496
HOUSEHOLD_2_CA_2,2013-09-17,5.813188073394496
HOUSEHOLD_2_CA_2,2013-09-18,5.813188073394496
HOUSEHOLD_2_CA_2,2013-09-19,5.813188073394496
HOUSEHOLD_2_CA_2,2013-09-20,5.813188073394496
HOUSEHOLD_2_CA_2,2013-09-21,5.79883295194508
HOUSEHOLD_2_CA_2,2013-09-22,5.79883295194508
HOUSEHOLD_2_CA_2,2013-09-23,5.79883295194508
HOUSEHOLD_2_CA_2,2013-09-24,5.79883295194508
HOUSEHOLD_2_CA_2,2013-09-25,5.79883295194508
HOUSEHOLD_2_CA_2,2013-09-26,5.79883295194508
HOUSEHOLD_2_CA_2,2013-09-27,5.79883295194508
HOUSEHOLD_2_CA_2,2013-09-28,5.795080091533181
HOUSEHOLD_2_CA_2,2013-09-29,5.795080091533181
HOUSEHOLD_2_CA_2,2013-09-30,5.795080091533181
HOUSEHOLD_2_CA_2,2013-10-01,5.795080091533181
HOUSEHOLD_2_CA_2,2013-10-02,5.795080091533181
HOUSEHOLD_2_CA_2,2013-10-03,5.795080091533181
HOUSEHOLD_2_CA_2,2013-10-04,5.795080091533181
HOUSEHOLD_2_CA_2,2013-10-05,5.782922374429224
HOUSEHOLD_2_CA_2,2013-10-06,5.782922374429224
HOUSEHOLD_2_CA_2,2013-10-07,5.782922374429224
HOUSEHOLD_2_CA_2,2013-10-08,5.782922374429224
HOUSEHOLD_2_CA_2,2013-10-09,5.782922374429224
HOUSEHOLD_2_CA_2,2013-10-10,5.782922374429224
HOUSEHOLD_2_CA_2,2013-10-11,5.782922374429224
HOUSEHOLD_2_CA_2,2013-10-12,5.779681093394078
HOUSEHOLD_2_CA_2,2013-10-13,5.779681093394078
HOUSEHOLD_2_CA_2,2013-10-14,5.779681093394078
HOUSEHOLD_2_CA_2,2013-10-15,5.779681093394078
HOUSEHOLD_2_CA_2,2013-10-16,5.779681093394078
HOUSEHOLD_2_CA_2,2013-10-17,5.779681093394078
HOUSEHOLD_2_CA_2,2013-10-18,5.779681093394078
HOUSEHOLD_2_CA_2,2013-10-19,5.782500000000001
HOUSEHOLD_2_CA_2,2013-10-20,5.782500000000001
HOUSEHOLD_2_CA_2,2013-10-21,5.782500000000001
HOUSEHOLD_2_CA_2,2013-10-22,5.782500000000001
HOUSEHOLD_2_CA_2,2013-10-23,5.782500000000001
HOUSEHOLD_2_CA_2,2013-10-24,5.782500000000001
HOUSEHOLD_2_CA_2,2013-10-25,5.782500000000001
HOUSEHOLD_2_CA_2,2013-10-26,5.791950113378685
HOUSEHOLD_2_CA_2,2013-10-27,5.791950113378685
HOUSEHOLD_2_CA_2,2013-10-28,5.791950113378685
HOUSEHOLD_2_CA_2,2013-10-29,5.791950113378685
HOUSEHOLD_2_CA_2,2013-10-30,5.791950113378685
HOUSEHOLD_2_CA_2,2013-10-31,5.791950113378685
HOUSEHOLD_2_CA_2,2013-11-01,5.791950113378685
HOUSEHOLD_2_CA_2,2013-11-02,5.801402714932126
HOUSEHOLD_2_CA_2,2013-11-03,5.801402714932126
HOUSEHOLD_2_CA_2,2013-11-04,5.801402714932126
HOUSEHOLD_2_CA_2,2013-11-05,5.801402714932126
HOUSEHOLD_2_CA_2,2013-11-06,5.801402714932126
HOUSEHOLD_2_CA_2,2013-11-07,5.801402714932126
HOUSEHOLD_2_CA_2,2013-11-08,5.801402714932126
HOUSEHOLD_2_CA_2,2013-11-09,5.78176072234763
HOUSEHOLD_2_CA_2,2013-11-10,5.78176072234763
HOUSEHOLD_2_CA_2,2013-11-11,5.78176072234763
HOUSEHOLD_2_CA_2,2013-11-12,5.78176072234763
HOUSEHOLD_2_CA_2,2013-11-13,5.78176072234763
HOUSEHOLD_2_CA_2,2013-11-14,5.78176072234763
HOUSEHOLD_2_CA_2,2013-11-15,5.78176072234763
HOUSEHOLD_2_CA_2,2013-11-16,5.780248306997743
HOUSEHOLD_2_CA_2,2013-11-17,5.780248306997743
HOUSEHOLD_2_CA_2,2013-11-18,5.780248306997743
HOUSEHOLD_2_CA_2,2013-11-19,5.780248306997743
HOUSEHOLD_2_CA_2,2013-11-20,5.780248306997743
HOUSEHOLD_2_CA_2,2013-11-21,5.780248306997743
HOUSEHOLD_2_CA_2,2013-11-22,5.780248306997743
HOUSEHOLD_2_CA_2,2013-11-23,5.778442437923251
HOUSEHOLD_2_CA_2,2013-11-24,5.778442437923251
HOUSEHOLD_2_CA_2,2013-11-25,5.778442437923251
HOUSEHOLD_2_CA_2,2013-11-26,5.778442437923251
HOUSEHOLD_2_CA_2,2013-11-27,5.778442437923251
HOUSEHOLD_2_CA_2,2013-11-28,5.778442437923251
HOUSEHOLD_2_CA_2,2013-11-29,5.778442437923251
HOUSEHOLD_2_CA_2,2013-11-30,5.795829596412556
HOUSEHOLD_2_CA_2,2013-12-01,5.795829596412556
HOUSEHOLD_2_CA_2,2013-12-02,5.795829596412556
HOUSEHOLD_2_CA_2,2013-12-03,5.795829596412556
HOUSEHOLD_2_CA_2,2013-12-04,5.795829596412556
HOUSEHOLD_2_CA_2,2013-12-05,5.795829596412556
HOUSEHOLD_2_CA_2,2013-12-06,5.795829596412556
HOUSEHOLD_2_CA_2,2013-12-07,5.795829596412556
HOUSEHOLD_2_CA_2,2013-12-08,5.795829596412556
HOUSEHOLD_2_CA_2,2013-12-09,5.795829596412556
HOUSEHOLD_2_CA_2,2013-12-10,5.795829596412556
HOUSEHOLD_2_CA_2,2013-12-11,5.795829596412556
HOUSEHOLD_2_CA_2,2013-12-12,5.795829596412556
HOUSEHOLD_2_CA_2,2013-12-13,5.795829596412556
HOUSEHOLD_2_CA_2,2013-12-14,5.795829596412556
HOUSEHOLD_2_CA_2,2013-12-15,5.795829596412556
HOUSEHOLD_2_CA_2,2013-12-16,5.795829596412556
HOUSEHOLD_2_CA_2,2013-12-17,5.795829596412556
HOUSEHOLD_2_CA_2,2013-12-18,5.795829596412556
HOUSEHOLD_2_CA_2,2013-12-19,5.795829596412556
HOUSEHOLD_2_CA_2,2013-12-20,5.795829596412556
HOUSEHOLD_2_CA_2,2013-12-21,5.796053811659193
HOUSEHOLD_2_CA_2,2013-12-22,5.796053811659193
HOUSEHOLD_2_CA_2,2013-12-23,5.796053811659193
HOUSEHOLD_2_CA_2,2013-12-24,5.796053811659193
HOUSEHOLD_2_CA_2,2013-12-25,5.796053811659193
HOUSEHOLD_2_CA_2,2013-12-26,5.796053811659193
HOUSEHOLD_2_CA_2,2013-12-27,5.796053811659193
HOUSEHOLD_2_CA_2,2013-12-28,5.790178571428571
HOUSEHOLD_2_CA_2,2013-12-29,5.790178571428571
HOUSEHOLD_2_CA_2,2013-12-30,5.790178571428571
HOUSEHOLD_2_CA_2,2013-12-31,5.790178571428571
HOUSEHOLD_2_CA_2,2014-01-01,5.790178571428571
HOUSEHOLD_2_CA_2,2014-01-02,5.790178571428571
HOUSEHOLD_2_CA_2,2014-01-03,5.790178571428571
HOUSEHOLD_2_CA_2,2014-01-04,5.782088888888889
HOUSEHOLD_2_CA_2,2014-01-05,5.782088888888889
HOUSEHOLD_2_CA_2,2014-01-06,5.782088888888889
HOUSEHOLD_2_CA_2,2014-01-07,5.782088888888889
HOUSEHOLD_2_CA_2,2014-01-08,5.782088888888889
HOUSEHOLD_2_CA_2,2014-01-09,5.782088888888889
HOUSEHOLD_2_CA_2,2014-01-10,5.782088888888889
HOUSEHOLD_2_CA_2,2014-01-11,5.785881057268722
HOUSEHOLD_2_CA_2,2014-01-12,5.785881057268722
HOUSEHOLD_2_CA_2,2014-01-13,5.785881057268722
HOUSEHOLD_2_CA_2,2014-01-14,5.785881057268722
HOUSEHOLD_2_CA_2,2014-01-15,5.785881057268722
HOUSEHOLD_2_CA_2,2014-01-16,5.785881057268722
HOUSEHOLD_2_CA_2,2014-01-17,5.785881057268722
HOUSEHOLD_2_CA_2,2014-01-18,5.775789473684211
HOUSEHOLD_2_CA_2,2014-01-19,5.775789473684211
HOUSEHOLD_2_CA_2,2014-01-20,5.775789473684211
HOUSEHOLD_2_CA_2,2014-01-21,5.775789473684211
HOUSEHOLD_2_CA_2,2014-01-22,5.775789473684211
HOUSEHOLD_2_CA_2,2014-01-23,5.775789473684211
HOUSEHOLD_2_CA_2,2014-01-24,5.775789473684211
HOUSEHOLD_2_CA_2,2014-01-25,5.7713943355119826
HOUSEHOLD_2_CA_2,2014-01-26,5.7713943355119826
HOUSEHOLD_2_CA_2,2014-01-27,5.7713943355119826
HOUSEHOLD_2_CA_2,2014-01-28,5.7713943355119826
HOUSEHOLD_2_CA_2,2014-01-29,5.7713943355119826
HOUSEHOLD_2_CA_2,2014-01-30,5.7713943355119826
HOUSEHOLD_2_CA_2,2014-01-31,5.7713943355119826
HOUSEHOLD_2_CA_2,2014-02-01,5.7722004357298475
HOUSEHOLD_2_CA_2,2014-02-02,5.7722004357298475
HOUSEHOLD_2_CA_2,2014-02-03,5.7722004357298475
HOUSEHOLD_2_CA_2,2014-02-04,5.7722004357298475
HOUSEHOLD_2_CA_2,2014-02-05,5.7722004357298475
HOUSEHOLD_2_CA_2,2014-02-06,5.7722004357298475
HOUSEHOLD_2_CA_2,2014-02-07,5.7722004357298475
HOUSEHOLD_2_CA_2,2014-02-08,5.7650434782608695
HOUSEHOLD_2_CA_2,2014-02-09,5.7650434782608695
HOUSEHOLD_2_CA_2,2014-02-10,5.7650434782608695
HOUSEHOLD_2_CA_2,2014-02-11,5.7650434782608695
HOUSEHOLD_2_CA_2,2014-02-12,5.7650434782608695
HOUSEHOLD_2_CA_2,2014-02-13,5.7650434782608695
HOUSEHOLD_2_CA_2,2014-02-14,5.7650434782608695
HOUSEHOLD_2_CA_2,2014-02-15,5.766782608695652
HOUSEHOLD_2_CA_2,2014-02-16,5.766782608695652
HOUSEHOLD_2_CA_2,2014-02-17,5.766782608695652
HOUSEHOLD_2_CA_2,2014-02-18,5.766782608695652
HOUSEHOLD_2_CA_2,2014-02-19,5.766782608695652
HOUSEHOLD_2_CA_2,2014-02-20,5.766782608695652
HOUSEHOLD_2_CA_2,2014-02-21,5.766782608695652
HOUSEHOLD_2_CA_2,2014-02-22,5.773036876355748
HOUSEHOLD_2_CA_2,2014-02-23,5.773036876355748
HOUSEHOLD_2_CA_2,2014-02-24,5.773036876355748
HOUSEHOLD_2_CA_2,2014-02-25,5.773036876355748
HOUSEHOLD_2_CA_2,2014-02-26,5.773036876355748
HOUSEHOLD_2_CA_2,2014-02-27,5.773036876355748
HOUSEHOLD_2_CA_2,2014-02-28,5.773036876355748
HOUSEHOLD_2_CA_2,2014-03-01,5.783297180043384
HOUSEHOLD_2_CA_2,2014-03-02,5.783297180043384
HOUSEHOLD_2_CA_2,2014-03-03,5.783297180043384
HOUSEHOLD_2_CA_2,2014-03-04,5.783297180043384
HOUSEHOLD_2_CA_2,2014-03-05,5.783297180043384
HOUSEHOLD_2_CA_2,2014-03-06,5.783297180043384
HOUSEHOLD_2_CA_2,2014-03-07,5.783297180043384
HOUSEHOLD_2_CA_2,2014-03-08,5.779696969696969
HOUSEHOLD_2_CA_2,2014-03-09,5.779696969696969
HOUSEHOLD_2_CA_2,2014-03-10,5.779696969696969
HOUSEHOLD_2_CA_2,2014-03-11,5.779696969696969
HOUSEHOLD_2_CA_2,2014-03-12,5.779696969696969
HOUSEHOLD_2_CA_2,2014-03-13,5.779696969696969
HOUSEHOLD_2_CA_2,2014-03-14,5.779696969696969
HOUSEHOLD_2_CA_2,2014-03-15,5.761505376344086
HOUSEHOLD_2_CA_2,2014-03-16,5.761505376344086
HOUSEHOLD_2_CA_2,2014-03-17,5.761505376344086
HOUSEHOLD_2_CA_2,2014-03-18,5.761505376344086
HOUSEHOLD_2_CA_2,2014-03-19,5.761505376344086
HOUSEHOLD_2_CA_2,2014-03-20,5.761505376344086
HOUSEHOLD_2_CA_2,2014-03-21,5.761505376344086
HOUSEHOLD_2_CA_2,2014-03-22,5.75541755888651
HOUSEHOLD_2_CA_2,2014-03-23,5.75541755888651
HOUSEHOLD_2_CA_2,2014-03-24,5.75541755888651
HOUSEHOLD_2_CA_2,2014-03-25,5.75541755888651
HOUSEHOLD_2_CA_2,2014-03-26,5.75541755888651
HOUSEHOLD_2_CA_2,2014-03-27,5.75541755888651
HOUSEHOLD_2_CA_2,2014-03-28,5.75541755888651
HOUSEHOLD_2_CA_2,2014-03-29,5.752029914529914
HOUSEHOLD_2_CA_2,2014-03-30,5.752029914529914
HOUSEHOLD_2_CA_2,2014-03-31,5.752029914529914
HOUSEHOLD_2_CA_2,2014-04-01,5.752029914529914
HOUSEHOLD_2_CA_2,2014-04-02,5.752029914529914
HOUSEHOLD_2_CA_2,2014-04-03,5.752029914529914
HOUSEHOLD_2_CA_2,2014-04-04,5.752029914529914
HOUSEHOLD_2_CA_2,2014-04-05,5.75456289978678
HOUSEHOLD_2_CA_2,2014-04-06,5.75456289978678
HOUSEHOLD_2_CA_2,2014-04-07,5.75456289978678
HOUSEHOLD_2_CA_2,2014-04-08,5.75456289978678
HOUSEHOLD_2_CA_2,2014-04-09,5.75456289978678
HOUSEHOLD_2_CA_2,2014-04-10,5.75456289978678
HOUSEHOLD_2_CA_2,2014-04-11,5.75456289978678
HOUSEHOLD_2_CA_2,2014-04-12,5.761340425531915
HOUSEHOLD_2_CA_2,2014-04-13,5.761340425531915
HOUSEHOLD_2_CA_2,2014-04-14,5.761340425531915
HOUSEHOLD_2_CA_2,2014-04-15,5.761340425531915
HOUSEHOLD_2_CA_2,2014-04-16,5.761340425531915
HOUSEHOLD_2_CA_2,2014-04-17,5.761340425531915
HOUSEHOLD_2_CA_2,2014-04-18,5.761340425531915
HOUSEHOLD_2_CA_2,2014-04-19,5.756900212314225
HOUSEHOLD_2_CA_2,2014-04-20,5.756900212314225
HOUSEHOLD_2_CA_2,2014-04-21,5.756900212314225
HOUSEHOLD_2_CA_2,2014-04-22,5.756900212314225
HOUSEHOLD_2_CA_2,2014-04-23,5.756900212314225
HOUSEHOLD_2_CA_2,2014-04-24,5.756900212314225
HOUSEHOLD_2_CA_2,2014-04-25,5.756900212314225
HOUSEHOLD_2_CA_2,2014-04-26,5.7576483050847465
HOUSEHOLD_2_CA_2,2014-04-27,5.7576483050847465
HOUSEHOLD_2_CA_2,2014-04-28,5.7576483050847465
HOUSEHOLD_2_CA_2,2014-04-29,5.7576483050847465
HOUSEHOLD_2_CA_2,2014-04-30,5.7576483050847465
HOUSEHOLD_2_CA_2,2014-05-01,5.7576483050847465
HOUSEHOLD_2_CA_2,2014-05-02,5.7576483050847465
HOUSEHOLD_2_CA_2,2014-05-03,5.7887029288702925
HOUSEHOLD_2_CA_2,2014-05-04,5.7887029288702925
HOUSEHOLD_2_CA_2,2014-05-05,5.7887029288702925
HOUSEHOLD_2_CA_2,2014-05-06,5.7887029288702925
HOUSEHOLD_2_CA_2,2014-05-07,5.7887029288702925
HOUSEHOLD_2_CA_2,2014-05-08,5.7887029288702925
HOUSEHOLD_2_CA_2,2014-05-09,5.7887029288702925
HOUSEHOLD_2_CA_2,2014-05-10,5.790187891440501
HOUSEHOLD_2_CA_2,2014-05-11,5.790187891440501
HOUSEHOLD_2_CA_2,2014-05-12,5.790187891440501
HOUSEHOLD_2_CA_2,2014-05-13,5.790187891440501
HOUSEHOLD_2_CA_2,2014-05-14,5.790187891440501
HOUSEHOLD_2_CA_2,2014-05-15,5.790187891440501
HOUSEHOLD_2_CA_2,2014-05-16,5.790187891440501
HOUSEHOLD_2_CA_2,2014-05-17,5.7863750000000005
HOUSEHOLD_2_CA_2,2014-05-18,5.7863750000000005
HOUSEHOLD_2_CA_2,2014-05-19,5.7863750000000005
HOUSEHOLD_2_CA_2,2014-05-20,5.7863750000000005
HOUSEHOLD_2_CA_2,2014-05-21,5.7863750000000005
HOUSEHOLD_2_CA_2,2014-05-22,5.7863750000000005
HOUSEHOLD_2_CA_2,2014-05-23,5.7863750000000005
HOUSEHOLD_2_CA_2,2014-05-24,5.787349896480332
HOUSEHOLD_2_CA_2,2014-05-25,5.787349896480332
HOUSEHOLD_2_CA_2,2014-05-26,5.787349896480332
HOUSEHOLD_2_CA_2,2014-05-27,5.787349896480332
HOUSEHOLD_2_CA_2,2014-05-28,5.787349896480332
HOUSEHOLD_2_CA_2,2014-05-29,5.787349896480332
HOUSEHOLD_2_CA_2,2014-05-30,5.787349896480332
HOUSEHOLD_2_CA_2,2014-05-31,5.7954338842975215
HOUSEHOLD_2_CA_2,2014-06-01,5.7954338842975215
HOUSEHOLD_2_CA_2,2014-06-02,5.7954338842975215
HOUSEHOLD_2_CA_2,2014-06-03,5.7954338842975215
HOUSEHOLD_2_CA_2,2014-06-04,5.7954338842975215
HOUSEHOLD_2_CA_2,2014-06-05,5.7954338842975215
HOUSEHOLD_2_CA_2,2014-06-06,5.7954338842975215
HOUSEHOLD_2_CA_2,2014-06-07,5.799380165289256
HOUSEHOLD_2_CA_2,2014-06-08,5.799380165289256
HOUSEHOLD_2_CA_2,2014-06-09,5.799380165289256
HOUSEHOLD_2_CA_2,2014-06-10,5.799380165289256
HOUSEHOLD_2_CA_2,2014-06-11,5.799380165289256
HOUSEHOLD_2_CA_2,2014-06-12,5.799380165289256
HOUSEHOLD_2_CA_2,2014-06-13,5.799380165289256
HOUSEHOLD_2_CA_2,2014-06-14,5.837417355371901
HOUSEHOLD_2_CA_2,2014-06-15,5.837417355371901
HOUSEHOLD_2_CA_2,2014-06-16,5.837417355371901
HOUSEHOLD_2_CA_2,2014-06-17,5.837417355371901
HOUSEHOLD_2_CA_2,2014-06-18,5.837417355371901
HOUSEHOLD_2_CA_2,2014-06-19,5.837417355371901
HOUSEHOLD_2_CA_2,2014-06-20,5.837417355371901
HOUSEHOLD_2_CA_2,2014-06-21,5.828621399176955
HOUSEHOLD_2_CA_2,2014-06-22,5.828621399176955
HOUSEHOLD_2_CA_2,2014-06-23,5.828621399176955
HOUSEHOLD_2_CA_2,2014-06-24,5.828621399176955
HOUSEHOLD_2_CA_2,2014-06-25,5.828621399176955
HOUSEHOLD_2_CA_2,2014-06-26,5.828621399176955
HOUSEHOLD_2_CA_2,2014-06-27,5.828621399176955
HOUSEHOLD_2_CA_2,2014-06-28,5.828621399176955
HOUSEHOLD_2_CA_2,2014-06-29,5.828621399176955
HOUSEHOLD_2_CA_2,2014-06-30,5.828621399176955
HOUSEHOLD_2_CA_2,2014-07-01,5.828621399176955
HOUSEHOLD_2_CA_2,2014-07-02,5.828621399176955
HOUSEHOLD_2_CA_2,2014-07-03,5.828621399176955
HOUSEHOLD_2_CA_2,2014-07-04,5.828621399176955
HOUSEHOLD_2_CA_2,2014-07-05,5.818839103869654
HOUSEHOLD_2_CA_2,2014-07-06,5.818839103869654
HOUSEHOLD_2_CA_2,2014-07-07,5.818839103869654
HOUSEHOLD_2_CA_2,2014-07-08,5.818839103869654
HOUSEHOLD_2_CA_2,2014-07-09,5.818839103869654
HOUSEHOLD_2_CA_2,2014-07-10,5.818839103869654
HOUSEHOLD_2_CA_2,2014-07-11,5.818839103869654
HOUSEHOLD_2_CA_2,2014-07-12,5.812287449392713
HOUSEHOLD_2_CA_2,2014-07-13,5.812287449392713
HOUSEHOLD_2_CA_2,2014-07-14,5.812287449392713
HOUSEHOLD_2_CA_2,2014-07-15,5.812287449392713
HOUSEHOLD_2_CA_2,2014-07-16,5.812287449392713
HOUSEHOLD_2_CA_2,2014-07-17,5.812287449392713
HOUSEHOLD_2_CA_2,2014-07-18,5.812287449392713
HOUSEHOLD_2_CA_2,2014-07-19,5.803145161290323
HOUSEHOLD_2_CA_2,2014-07-20,5.803145161290323
HOUSEHOLD_2_CA_2,2014-07-21,5.803145161290323
HOUSEHOLD_2_CA_2,2014-07-22,5.803145161290323
HOUSEHOLD_2_CA_2,2014-07-23,5.803145161290323
HOUSEHOLD_2_CA_2,2014-07-24,5.803145161290323
HOUSEHOLD_2_CA_2,2014-07-25,5.803145161290323
HOUSEHOLD_2_CA_2,2014-07-26,5.79543259557344
HOUSEHOLD_2_CA_2,2014-07-27,5.79543259557344
HOUSEHOLD_2_CA_2,2014-07-28,5.79543259557344
HOUSEHOLD_2_CA_2,2014-07-29,5.79543259557344
HOUSEHOLD_2_CA_2,2014-07-30,5.79543259557344
HOUSEHOLD_2_CA_2,2014-07-31,5.79543259557344
HOUSEHOLD_2_CA_2,2014-08-01,5.79543259557344
HOUSEHOLD_2_CA_2,2014-08-02,5.785050100200401
HOUSEHOLD_2_CA_2,2014-08-03,5.785050100200401
HOUSEHOLD_2_CA_2,2014-08-04,5.785050100200401
HOUSEHOLD_2_CA_2,2014-08-05,5.785050100200401
HOUSEHOLD_2_CA_2,2014-08-06,5.785050100200401
HOUSEHOLD_2_CA_2,2014-08-07,5.785050100200401
HOUSEHOLD_2_CA_2,2014-08-08,5.785050100200401
HOUSEHOLD_2_CA_2,2014-08-09,5.78084
HOUSEHOLD_2_CA_2,2014-08-10,5.78084
HOUSEHOLD_2_CA_2,2014-08-11,5.78084
HOUSEHOLD_2_CA_2,2014-08-12,5.78084
HOUSEHOLD_2_CA_2,2014-08-13,5.78084
HOUSEHOLD_2_CA_2,2014-08-14,5.78084
HOUSEHOLD_2_CA_2,2014-08-15,5.78084
HOUSEHOLD_2_CA_2,2014-08-16,5.776127744510978
HOUSEHOLD_2_CA_2,2014-08-17,5.776127744510978
HOUSEHOLD_2_CA_2,2014-08-18,5.776127744510978
HOUSEHOLD_2_CA_2,2014-08-19,5.776127744510978
HOUSEHOLD_2_CA_2,2014-08-20,5.776127744510978
HOUSEHOLD_2_CA_2,2014-08-21,5.776127744510978
HOUSEHOLD_2_CA_2,2014-08-22,5.776127744510978
HOUSEHOLD_2_CA_2,2014-08-23,5.776127744510978
HOUSEHOLD_2_CA_2,2014-08-24,5.776127744510978
HOUSEHOLD_2_CA_2,2014-08-25,5.776127744510978
HOUSEHOLD_2_CA_2,2014-08-26,5.776127744510978
HOUSEHOLD_2_CA_2,2014-08-27,5.776127744510978
HOUSEHOLD_2_CA_2,2014-08-28,5.776127744510978
HOUSEHOLD_2_CA_2,2014-08-29,5.776127744510978
HOUSEHOLD_2_CA_2,2014-08-30,5.767972166998012
HOUSEHOLD_2_CA_2,2014-08-31,5.767972166998012
HOUSEHOLD_2_CA_2,2014-09-01,5.767972166998012
HOUSEHOLD_2_CA_2,2014-09-02,5.767972166998012
HOUSEHOLD_2_CA_2,2014-09-03,5.767972166998012
HOUSEHOLD_2_CA_2,2014-09-04,5.767972166998012
HOUSEHOLD_2_CA_2,2014-09-05,5.767972166998012
HOUSEHOLD_2_CA_2,2014-09-06,5.763425742574258
HOUSEHOLD_2_CA_2,2014-09-07,5.763425742574258
HOUSEHOLD_2_CA_2,2014-09-08,5.763425742574258
HOUSEHOLD_2_CA_2,2014-09-09,5.763425742574258
HOUSEHOLD_2_CA_2,2014-09-10,5.763425742574258
HOUSEHOLD_2_CA_2,2014-09-11,5.763425742574258
HOUSEHOLD_2_CA_2,2014-09-12,5.763425742574258
HOUSEHOLD_2_CA_2,2014-09-13,5.757924901185771
HOUSEHOLD_2_CA_2,2014-09-14,5.757924901185771
HOUSEHOLD_2_CA_2,2014-09-15,5.757924901185771
HOUSEHOLD_2_CA_2,2014-09-16,5.757924901185771
HOUSEHOLD_2_CA_2,2014-09-17,5.757924901185771
HOUSEHOLD_2_CA_2,2014-09-18,5.757924901185771
HOUSEHOLD_2_CA_2,2014-09-19,5.757924901185771
HOUSEHOLD_2_CA_2,2014-09-20,5.765443786982249
HOUSEHOLD_2_CA_2,2014-09-21,5.765443786982249
HOUSEHOLD_2_CA_2,2014-09-22,5.765443786982249
HOUSEHOLD_2_CA_2,2014-09-23,5.765443786982249
HOUSEHOLD_2_CA_2,2014-09-24,5.765443786982249
HOUSEHOLD_2_CA_2,2014-09-25,5.765443786982249
HOUSEHOLD_2_CA_2,2014-09-26,5.765443786982249
HOUSEHOLD_2_CA_2,2014-09-27,5.764457593688363
HOUSEHOLD_2_CA_2,2014-09-28,5.764457593688363
HOUSEHOLD_2_CA_2,2014-09-29,5.764457593688363
HOUSEHOLD_2_CA_2,2014-09-30,5.764457593688363
HOUSEHOLD_2_CA_2,2014-10-01,5.764457593688363
HOUSEHOLD_2_CA_2,2014-10-02,5.764457593688363
HOUSEHOLD_2_CA_2,2014-10-03,5.764457593688363
HOUSEHOLD_2_CA_2,2014-10-04,5.767795275590551
HOUSEHOLD_2_CA_2,2014-10-05,5.767795275590551
HOUSEHOLD_2_CA_2,2014-10-06,5.767795275590551
HOUSEHOLD_2_CA_2,2014-10-07,5.767795275590551
HOUSEHOLD_2_CA_2,2014-10-08,5.767795275590551
HOUSEHOLD_2_CA_2,2014-10-09,5.767795275590551
HOUSEHOLD_2_CA_2,2014-10-10,5.767795275590551
HOUSEHOLD_2_CA_2,2014-10-11,5.767795275590551
HOUSEHOLD_2_CA_2,2014-10-12,5.767795275590551
HOUSEHOLD_2_CA_2,2014-10-13,5.767795275590551
HOUSEHOLD_2_CA_2,2014-10-14,5.767795275590551
HOUSEHOLD_2_CA_2,2014-10-15,5.767795275590551
HOUSEHOLD_2_CA_2,2014-10-16,5.767795275590551
HOUSEHOLD_2_CA_2,2014-10-17,5.767795275590551
HOUSEHOLD_2_CA_2,2014-10-18,5.7691748526522595
HOUSEHOLD_2_CA_2,2014-10-19,5.7691748526522595
HOUSEHOLD_2_CA_2,2014-10-20,5.7691748526522595
HOUSEHOLD_2_CA_2,2014-10-21,5.7691748526522595
HOUSEHOLD_2_CA_2,2014-10-22,5.7691748526522595
HOUSEHOLD_2_CA_2,2014-10-23,5.7691748526522595
HOUSEHOLD_2_CA_2,2014-10-24,5.7691748526522595
HOUSEHOLD_2_CA_2,2014-10-25,5.760156862745098
HOUSEHOLD_2_CA_2,2014-10-26,5.760156862745098
HOUSEHOLD_2_CA_2,2014-10-27,5.760156862745098
HOUSEHOLD_2_CA_2,2014-10-28,5.760156862745098
HOUSEHOLD_2_CA_2,2014-10-29,5.760156862745098
HOUSEHOLD_2_CA_2,2014-10-30,5.760156862745098
HOUSEHOLD_2_CA_2,2014-10-31,5.760156862745098
HOUSEHOLD_2_CA_2,2014-11-01,5.760039215686274
HOUSEHOLD_2_CA_2,2014-11-02,5.760039215686274
HOUSEHOLD_2_CA_2,2014-11-03,5.760039215686274
HOUSEHOLD_2_CA_2,2014-11-04,5.760039215686274
HOUSEHOLD_2_CA_2,2014-11-05,5.760039215686274
HOUSEHOLD_2_CA_2,2014-11-06,5.760039215686274
HOUSEHOLD_2_CA_2,2014-11-07,5.760039215686274
HOUSEHOLD_2_CA_2,2014-11-08,5.759921568627451
HOUSEHOLD_2_CA_2,2014-11-09,5.759921568627451
HOUSEHOLD_2_CA_2,2014-11-10,5.759921568627451
HOUSEHOLD_2_CA_2,2014-11-11,5.759921568627451
HOUSEHOLD_2_CA_2,2014-11-12,5.759921568627451
HOUSEHOLD_2_CA_2,2014-11-13,5.759921568627451
HOUSEHOLD_2_CA_2,2014-11-14,5.759921568627451
HOUSEHOLD_2_CA_2,2014-11-15,5.7589411764705885
HOUSEHOLD_2_CA_2,2014-11-16,5.7589411764705885
HOUSEHOLD_2_CA_2,2014-11-17,5.7589411764705885
HOUSEHOLD_2_CA_2,2014-11-18,5.7589411764705885
HOUSEHOLD_2_CA_2,2014-11-19,5.7589411764705885
HOUSEHOLD_2_CA_2,2014-11-20,5.7589411764705885
HOUSEHOLD_2_CA_2,2014-11-21,5.7589411764705885
HOUSEHOLD_2_CA_2,2014-11-22,5.761252446183953
HOUSEHOLD_2_CA_2,2014-11-23,5.761252446183953
HOUSEHOLD_2_CA_2,2014-11-24,5.761252446183953
HOUSEHOLD_2_CA_2,2014-11-25,5.761252446183953
HOUSEHOLD_2_CA_2,2014-11-26,5.761252446183953
HOUSEHOLD_2_CA_2,2014-11-27,5.761252446183953
HOUSEHOLD_2_CA_2,2014-11-28,5.761252446183953
HOUSEHOLD_2_CA_2,2014-11-29,5.7635546875
HOUSEHOLD_2_CA_2,2014-11-30,5.7635546875
HOUSEHOLD_2_CA_2,2014-12-01,5.7635546875
HOUSEHOLD_2_CA_2,2014-12-02,5.7635546875
HOUSEHOLD_2_CA_2,2014-12-03,5.7635546875
HOUSEHOLD_2_CA_2,2014-12-04,5.7635546875
HOUSEHOLD_2_CA_2,2014-12-05,5.7635546875
HOUSEHOLD_2_CA_2,2014-12-06,5.7619921875
HOUSEHOLD_2_CA_2,2014-12-07,5.7619921875
HOUSEHOLD_2_CA_2,2014-12-08,5.7619921875
HOUSEHOLD_2_CA_2,2014-12-09,5.7619921875
HOUSEHOLD_2_CA_2,2014-12-10,5.7619921875
HOUSEHOLD_2_CA_2,2014-12-11,5.7619921875
HOUSEHOLD_2_CA_2,2014-12-12,5.7619921875
HOUSEHOLD_2_CA_2,2014-12-13,5.75912109375
HOUSEHOLD_2_CA_2,2014-12-14,5.75912109375
HOUSEHOLD_2_CA_2,2014-12-15,5.75912109375
HOUSEHOLD_2_CA_2,2014-12-16,5.75912109375
HOUSEHOLD_2_CA_2,2014-12-17,5.75912109375
HOUSEHOLD_2_CA_2,2014-12-18,5.75912109375
HOUSEHOLD_2_CA_2,2014-12-19,5.75912109375
HOUSEHOLD_2_CA_2,2014-12-20,5.76009765625
HOUSEHOLD_2_CA_2,2014-12-21,5.76009765625
HOUSEHOLD_2_CA_2,2014-12-22,5.76009765625
HOUSEHOLD_2_CA_2,2014-12-23,5.76009765625
HOUSEHOLD_2_CA_2,2014-12-24,5.76009765625
HOUSEHOLD_2_CA_2,2014-12-25,5.76009765625
HOUSEHOLD_2_CA_2,2014-12-26,5.76009765625
HOUSEHOLD_2_CA_2,2014-12-27,5.751459143968872
HOUSEHOLD_2_CA_2,2014-12-28,5.751459143968872
HOUSEHOLD_2_CA_2,2014-12-29,5.751459143968872
HOUSEHOLD_2_CA_2,2014-12-30,5.751459143968872
HOUSEHOLD_2_CA_2,2014-12-31,5.751459143968872
HOUSEHOLD_2_CA_2,2015-01-01,5.751459143968872
HOUSEHOLD_2_CA_2,2015-01-02,5.751459143968872
HOUSEHOLD_2_CA_2,2015-01-03,5.746400778210117
HOUSEHOLD_2_CA_2,2015-01-04,5.746400778210117
HOUSEHOLD_2_CA_2,2015-01-05,5.746400778210117
HOUSEHOLD_2_CA_2,2015-01-06,5.746400778210117
HOUSEHOLD_2_CA_2,2015-01-07,5.746400778210117
HOUSEHOLD_2_CA_2,2015-01-08,5.746400778210117
HOUSEHOLD_2_CA_2,2015-01-09,5.746400778210117
HOUSEHOLD_2_CA_2,2015-01-10,5.741147859922179
HOUSEHOLD_2_CA_2,2015-01-11,5.741147859922179
HOUSEHOLD_2_CA_2,2015-01-12,5.741147859922179
HOUSEHOLD_2_CA_2,2015-01-13,5.741147859922179
HOUSEHOLD_2_CA_2,2015-01-14,5.741147859922179
HOUSEHOLD_2_CA_2,2015-01-15,5.741147859922179
HOUSEHOLD_2_CA_2,2015-01-16,5.741147859922179
HOUSEHOLD_2_CA_2,2015-01-17,5.74250972762646
HOUSEHOLD_2_CA_2,2015-01-18,5.74250972762646
HOUSEHOLD_2_CA_2,2015-01-19,5.74250972762646
HOUSEHOLD_2_CA_2,2015-01-20,5.74250972762646
HOUSEHOLD_2_CA_2,2015-01-21,5.74250972762646
HOUSEHOLD_2_CA_2,2015-01-22,5.74250972762646
HOUSEHOLD_2_CA_2,2015-01-23,5.74250972762646
HOUSEHOLD_2_CA_2,2015-01-24,5.748929961089494
HOUSEHOLD_2_CA_2,2015-01-25,5.748929961089494
HOUSEHOLD_2_CA_2,2015-01-26,5.748929961089494
HOUSEHOLD_2_CA_2,2015-01-27,5.748929961089494
HOUSEHOLD_2_CA_2,2015-01-28,5.748929961089494
HOUSEHOLD_2_CA_2,2015-01-29,5.748929961089494
HOUSEHOLD_2_CA_2,2015-01-30,5.748929961089494
HOUSEHOLD_2_CA_2,2015-01-31,5.7428988326848245
HOUSEHOLD_2_CA_2,2015-02-01,5.7428988326848245
HOUSEHOLD_2_CA_2,2015-02-02,5.7428988326848245
HOUSEHOLD_2_CA_2,2015-02-03,5.7428988326848245
HOUSEHOLD_2_CA_2,2015-02-04,5.7428988326848245
HOUSEHOLD_2_CA_2,2015-02-05,5.7428988326848245
HOUSEHOLD_2_CA_2,2015-02-06,5.7428988326848245
HOUSEHOLD_2_CA_2,2015-02-07,5.739824902723735
HOUSEHOLD_2_CA_2,2015-02-08,5.739824902723735
HOUSEHOLD_2_CA_2,2015-02-09,5.739824902723735
HOUSEHOLD_2_CA_2,2015-02-10,5.739824902723735
HOUSEHOLD_2_CA_2,2015-02-11,5.739824902723735
HOUSEHOLD_2_CA_2,2015-02-12,5.739824902723735
HOUSEHOLD_2_CA_2,2015-02-13,5.739824902723735
HOUSEHOLD_2_CA_2,2015-02-14,5.746984435797665
HOUSEHOLD_2_CA_2,2015-02-15,5.746984435797665
HOUSEHOLD_2_CA_2,2015-02-16,5.746984435797665
HOUSEHOLD_2_CA_2,2015-02-17,5.746984435797665
HOUSEHOLD_2_CA_2,2015-02-18,5.746984435797665
HOUSEHOLD_2_CA_2,2015-02-19,5.746984435797665
HOUSEHOLD_2_CA_2,2015-02-20,5.746984435797665
HOUSEHOLD_2_CA_2,2015-02-21,5.741070038910506
HOUSEHOLD_2_CA_2,2015-02-22,5.741070038910506
HOUSEHOLD_2_CA_2,2015-02-23,5.741070038910506
HOUSEHOLD_2_CA_2,2015-02-24,5.741070038910506
HOUSEHOLD_2_CA_2,2015-02-25,5.741070038910506
HOUSEHOLD_2_CA_2,2015-02-26,5.741070038910506
HOUSEHOLD_2_CA_2,2015-02-27,5.741070038910506
HOUSEHOLD_2_CA_2,2015-02-28,5.742140077821012
HOUSEHOLD_2_CA_2,2015-03-01,5.742140077821012
HOUSEHOLD_2_CA_2,2015-03-02,5.742140077821012
HOUSEHOLD_2_CA_2,2015-03-03,5.742140077821012
HOUSEHOLD_2_CA_2,2015-03-04,5.742140077821012
HOUSEHOLD_2_CA_2,2015-03-05,5.742140077821012
HOUSEHOLD_2_CA_2,2015-03-06,5.742140077821012
HOUSEHOLD_2_CA_2,2015-03-07,5.74556420233463
HOUSEHOLD_2_CA_2,2015-03-08,5.74556420233463
HOUSEHOLD_2_CA_2,2015-03-09,5.74556420233463
HOUSEHOLD_2_CA_2,2015-03-10,5.74556420233463
HOUSEHOLD_2_CA_2,2015-03-11,5.74556420233463
HOUSEHOLD_2_CA_2,2015-03-12,5.74556420233463
HOUSEHOLD_2_CA_2,2015-03-13,5.74556420233463
HOUSEHOLD_2_CA_2,2015-03-14,5.747490272373541
HOUSEHOLD_2_CA_2,2015-03-15,5.747490272373541
HOUSEHOLD_2_CA_2,2015-03-16,5.747490272373541
HOUSEHOLD_2_CA_2,2015-03-17,5.747490272373541
HOUSEHOLD_2_CA_2,2015-03-18,5.747490272373541
HOUSEHOLD_2_CA_2,2015-03-19,5.747490272373541
HOUSEHOLD_2_CA_2,2015-03-20,5.747490272373541
HOUSEHOLD_2_CA_2,2015-03-21,5.75136186770428
HOUSEHOLD_2_CA_2,2015-03-22,5.75136186770428
HOUSEHOLD_2_CA_2,2015-03-23,5.75136186770428
HOUSEHOLD_2_CA_2,2015-03-24,5.75136186770428
HOUSEHOLD_2_CA_2,2015-03-25,5.75136186770428
HOUSEHOLD_2_CA_2,2015-03-26,5.75136186770428
HOUSEHOLD_2_CA_2,2015-03-27,5.75136186770428
HOUSEHOLD_2_CA_2,2015-03-28,5.753307392996109
HOUSEHOLD_2_CA_2,2015-03-29,5.753307392996109
HOUSEHOLD_2_CA_2,2015-03-30,5.753307392996109
HOUSEHOLD_2_CA_2,2015-03-31,5.753307392996109
HOUSEHOLD_2_CA_2,2015-04-01,5.753307392996109
HOUSEHOLD_2_CA_2,2015-04-02,5.753307392996109
HOUSEHOLD_2_CA_2,2015-04-03,5.753307392996109
HOUSEHOLD_2_CA_2,2015-04-04,5.762504854368932
HOUSEHOLD_2_CA_2,2015-04-05,5.762504854368932
HOUSEHOLD_2_CA_2,2015-04-06,5.762504854368932
HOUSEHOLD_2_CA_2,2015-04-07,5.762504854368932
HOUSEHOLD_2_CA_2,2015-04-08,5.762504854368932
HOUSEHOLD_2_CA_2,2015-04-09,5.762504854368932
HOUSEHOLD_2_CA_2,2015-04-10,5.762504854368932
HOUSEHOLD_2_CA_2,2015-04-11,5.763533980582524
HOUSEHOLD_2_CA_2,2015-04-12,5.763533980582524
HOUSEHOLD_2_CA_2,2015-04-13,5.763533980582524
HOUSEHOLD_2_CA_2,2015-04-14,5.763533980582524
HOUSEHOLD_2_CA_2,2015-04-15,5.763533980582524
HOUSEHOLD_2_CA_2,2015-04-16,5.763533980582524
HOUSEHOLD_2_CA_2,2015-04-17,5.763533980582524
HOUSEHOLD_2_CA_2,2015-04-18,5.764504854368932
HOUSEHOLD_2_CA_2,2015-04-19,5.764504854368932
HOUSEHOLD_2_CA_2,2015-04-20,5.764504854368932
HOUSEHOLD_2_CA_2,2015-04-21,5.764504854368932
HOUSEHOLD_2_CA_2,2015-04-22,5.764504854368932
HOUSEHOLD_2_CA_2,2015-04-23,5.764504854368932
HOUSEHOLD_2_CA_2,2015-04-24,5.764504854368932
HOUSEHOLD_2_CA_2,2015-04-25,5.764291262135923
HOUSEHOLD_2_CA_2,2015-04-26,5.764291262135923
HOUSEHOLD_2_CA_2,2015-04-27,5.764291262135923
HOUSEHOLD_2_CA_2,2015-04-28,5.764291262135923
HOUSEHOLD_2_CA_2,2015-04-29,5.764291262135923
HOUSEHOLD_2_CA_2,2015-04-30,5.764291262135923
HOUSEHOLD_2_CA_2,2015-05-01,5.764291262135923
HOUSEHOLD_2_CA_2,2015-05-02,5.764601941747573
HOUSEHOLD_2_CA_2,2015-05-03,5.764601941747573
HOUSEHOLD_2_CA_2,2015-05-04,5.764601941747573
HOUSEHOLD_2_CA_2,2015-05-05,5.764601941747573
HOUSEHOLD_2_CA_2,2015-05-06,5.764601941747573
HOUSEHOLD_2_CA_2,2015-05-07,5.764601941747573
HOUSEHOLD_2_CA_2,2015-05-08,5.764601941747573
HOUSEHOLD_2_CA_2,2015-05-09,5.764038834951457
HOUSEHOLD_2_CA_2,2015-05-10,5.764038834951457
HOUSEHOLD_2_CA_2,2015-05-11,5.764038834951457
HOUSEHOLD_2_CA_2,2015-05-12,5.764038834951457
HOUSEHOLD_2_CA_2,2015-05-13,5.764038834951457
HOUSEHOLD_2_CA_2,2015-05-14,5.764038834951457
HOUSEHOLD_2_CA_2,2015-05-15,5.764038834951457
HOUSEHOLD_2_CA_2,2015-05-16,5.762097087378641
HOUSEHOLD_2_CA_2,2015-05-17,5.762097087378641
HOUSEHOLD_2_CA_2,2015-05-18,5.762097087378641
HOUSEHOLD_2_CA_2,2015-05-19,5.762097087378641
HOUSEHOLD_2_CA_2,2015-05-20,5.762097087378641
HOUSEHOLD_2_CA_2,2015-05-21,5.762097087378641
HOUSEHOLD_2_CA_2,2015-05-22,5.762097087378641
HOUSEHOLD_2_CA_2,2015-05-23,5.7586990291262135
HOUSEHOLD_2_CA_2,2015-05-24,5.7586990291262135
HOUSEHOLD_2_CA_2,2015-05-25,5.7586990291262135
HOUSEHOLD_2_CA_2,2015-05-26,5.7586990291262135
HOUSEHOLD_2_CA_2,2015-05-27,5.7586990291262135
HOUSEHOLD_2_CA_2,2015-05-28,5.7586990291262135
HOUSEHOLD_2_CA_2,2015-05-29,5.7586990291262135
HOUSEHOLD_2_CA_2,2015-05-30,5.760233009708738
HOUSEHOLD_2_CA_2,2015-05-31,5.760233009708738
HOUSEHOLD_2_CA_2,2015-06-01,5.760233009708738
HOUSEHOLD_2_CA_2,2015-06-02,5.760233009708738
HOUSEHOLD_2_CA_2,2015-06-03,5.760233009708738
HOUSEHOLD_2_CA_2,2015-06-04,5.760233009708738
HOUSEHOLD_2_CA_2,2015-06-05,5.760233009708738
HOUSEHOLD_2_CA_2,2015-06-06,5.766893203883495
HOUSEHOLD_2_CA_2,2015-06-07,5.766893203883495
HOUSEHOLD_2_CA_2,2015-06-08,5.766893203883495
HOUSEHOLD_2_CA_2,2015-06-09,5.766893203883495
HOUSEHOLD_2_CA_2,2015-06-10,5.766893203883495
HOUSEHOLD_2_CA_2,2015-06-11,5.766893203883495
HOUSEHOLD_2_CA_2,2015-06-12,5.766893203883495
HOUSEHOLD_2_CA_2,2015-06-13,5.752970873786408
HOUSEHOLD_2_CA_2,2015-06-14,5.752970873786408
HOUSEHOLD_2_CA_2,2015-06-15,5.752970873786408
HOUSEHOLD_2_CA_2,2015-06-16,5.752970873786408
HOUSEHOLD_2_CA_2,2015-06-17,5.752970873786408
HOUSEHOLD_2_CA_2,2015-06-18,5.752970873786408
HOUSEHOLD_2_CA_2,2015-06-19,5.752970873786408
HOUSEHOLD_2_CA_2,2015-06-20,5.78852427184466
HOUSEHOLD_2_CA_2,2015-06-21,5.78852427184466
HOUSEHOLD_2_CA_2,2015-06-22,5.78852427184466
HOUSEHOLD_2_CA_2,2015-06-23,5.78852427184466
HOUSEHOLD_2_CA_2,2015-06-24,5.78852427184466
HOUSEHOLD_2_CA_2,2015-06-25,5.78852427184466
HOUSEHOLD_2_CA_2,2015-06-26,5.78852427184466
HOUSEHOLD_2_CA_2,2015-06-27,5.790038834951456
HOUSEHOLD_2_CA_2,2015-06-28,5.790038834951456
HOUSEHOLD_2_CA_2,2015-06-29,5.790038834951456
HOUSEHOLD_2_CA_2,2015-06-30,5.790038834951456
HOUSEHOLD_2_CA_2,2015-07-01,5.790038834951456
HOUSEHOLD_2_CA_2,2015-07-02,5.790038834951456
HOUSEHOLD_2_CA_2,2015-07-03,5.790038834951456
HOUSEHOLD_2_CA_2,2015-07-04,5.790038834951456
HOUSEHOLD_2_CA_2,2015-07-05,5.790038834951456
HOUSEHOLD_2_CA_2,2015-07-06,5.790038834951456
HOUSEHOLD_2_CA_2,2015-07-07,5.790038834951456
HOUSEHOLD_2_CA_2,2015-07-08,5.790038834951456
HOUSEHOLD_2_CA_2,2015-07-09,5.790038834951456
HOUSEHOLD_2_CA_2,2015-07-10,5.790038834951456
HOUSEHOLD_2_CA_2,2015-07-11,5.790038834951456
HOUSEHOLD_2_CA_2,2015-07-12,5.790038834951456
HOUSEHOLD_2_CA_2,2015-07-13,5.790038834951456
HOUSEHOLD_2_CA_2,2015-07-14,5.790038834951456
HOUSEHOLD_2_CA_2,2015-07-15,5.790038834951456
HOUSEHOLD_2_CA_2,2015-07-16,5.790038834951456
HOUSEHOLD_2_CA_2,2015-07-17,5.790038834951456
HOUSEHOLD_2_CA_2,2015-07-18,5.787165048543689
HOUSEHOLD_2_CA_2,2015-07-19,5.787165048543689
HOUSEHOLD_2_CA_2,2015-07-20,5.787165048543689
HOUSEHOLD_2_CA_2,2015-07-21,5.787165048543689
HOUSEHOLD_2_CA_2,2015-07-22,5.787165048543689
HOUSEHOLD_2_CA_2,2015-07-23,5.787165048543689
HOUSEHOLD_2_CA_2,2015-07-24,5.787165048543689
HOUSEHOLD_2_CA_2,2015-07-25,5.787417475728155
HOUSEHOLD_2_CA_2,2015-07-26,5.787417475728155
HOUSEHOLD_2_CA_2,2015-07-27,5.787417475728155
HOUSEHOLD_2_CA_2,2015-07-28,5.787417475728155
HOUSEHOLD_2_CA_2,2015-07-29,5.787417475728155
HOUSEHOLD_2_CA_2,2015-07-30,5.787417475728155
HOUSEHOLD_2_CA_2,2015-07-31,5.787417475728155
HOUSEHOLD_2_CA_2,2015-08-01,5.790038834951456
HOUSEHOLD_2_CA_2,2015-08-02,5.790038834951456
HOUSEHOLD_2_CA_2,2015-08-03,5.790038834951456
HOUSEHOLD_2_CA_2,2015-08-04,5.790038834951456
HOUSEHOLD_2_CA_2,2015-08-05,5.790038834951456
HOUSEHOLD_2_CA_2,2015-08-06,5.790038834951456
HOUSEHOLD_2_CA_2,2015-08-07,5.790038834951456
HOUSEHOLD_2_CA_2,2015-08-08,5.790038834951456
HOUSEHOLD_2_CA_2,2015-08-09,5.790038834951456
HOUSEHOLD_2_CA_2,2015-08-10,5.790038834951456
HOUSEHOLD_2_CA_2,2015-08-11,5.790038834951456
HOUSEHOLD_2_CA_2,2015-08-12,5.790038834951456
HOUSEHOLD_2_CA_2,2015-08-13,5.790038834951456
HOUSEHOLD_2_CA_2,2015-08-14,5.790038834951456
HOUSEHOLD_2_CA_2,2015-08-15,5.788194174757281
HOUSEHOLD_2_CA_2,2015-08-16,5.788194174757281
HOUSEHOLD_2_CA_2,2015-08-17,5.788194174757281
HOUSEHOLD_2_CA_2,2015-08-18,5.788194174757281
HOUSEHOLD_2_CA_2,2015-08-19,5.788194174757281
HOUSEHOLD_2_CA_2,2015-08-20,5.788194174757281
HOUSEHOLD_2_CA_2,2015-08-21,5.788194174757281
HOUSEHOLD_2_CA_2,2015-08-22,5.777941747572815
HOUSEHOLD_2_CA_2,2015-08-23,5.777941747572815
HOUSEHOLD_2_CA_2,2015-08-24,5.777941747572815
HOUSEHOLD_2_CA_2,2015-08-25,5.777941747572815
HOUSEHOLD_2_CA_2,2015-08-26,5.777941747572815
HOUSEHOLD_2_CA_2,2015-08-27,5.777941747572815
HOUSEHOLD_2_CA_2,2015-08-28,5.777941747572815
HOUSEHOLD_2_CA_2,2015-08-29,5.787883495145631
HOUSEHOLD_2_CA_2,2015-08-30,5.787883495145631
HOUSEHOLD_2_CA_2,2015-08-31,5.787883495145631
HOUSEHOLD_2_CA_2,2015-09-01,5.787883495145631
HOUSEHOLD_2_CA_2,2015-09-02,5.787883495145631
HOUSEHOLD_2_CA_2,2015-09-03,5.787883495145631
HOUSEHOLD_2_CA_2,2015-09-04,5.787883495145631
HOUSEHOLD_2_CA_2,2015-09-05,5.787883495145631
HOUSEHOLD_2_CA_2,2015-09-06,5.787883495145631
HOUSEHOLD_2_CA_2,2015-09-07,5.787883495145631
HOUSEHOLD_2_CA_2,2015-09-08,5.787883495145631
HOUSEHOLD_2_CA_2,2015-09-09,5.787883495145631
HOUSEHOLD_2_CA_2,2015-09-10,5.787883495145631
HOUSEHOLD_2_CA_2,2015-09-11,5.787883495145631
HOUSEHOLD_2_CA_2,2015-09-12,5.787883495145631
HOUSEHOLD_2_CA_2,2015-09-13,5.787883495145631
HOUSEHOLD_2_CA_2,2015-09-14,5.787883495145631
HOUSEHOLD_2_CA_2,2015-09-15,5.787883495145631
HOUSEHOLD_2_CA_2,2015-09-16,5.787883495145631
HOUSEHOLD_2_CA_2,2015-09-17,5.787883495145631
HOUSEHOLD_2_CA_2,2015-09-18,5.787883495145631
HOUSEHOLD_2_CA_2,2015-09-19,5.785844660194175
HOUSEHOLD_2_CA_2,2015-09-20,5.785844660194175
HOUSEHOLD_2_CA_2,2015-09-21,5.785844660194175
HOUSEHOLD_2_CA_2,2015-09-22,5.785844660194175
HOUSEHOLD_2_CA_2,2015-09-23,5.785844660194175
HOUSEHOLD_2_CA_2,2015-09-24,5.785844660194175
HOUSEHOLD_2_CA_2,2015-09-25,5.785844660194175
HOUSEHOLD_2_CA_2,2015-09-26,5.788466019417475
HOUSEHOLD_2_CA_2,2015-09-27,5.788466019417475
HOUSEHOLD_2_CA_2,2015-09-28,5.788466019417475
HOUSEHOLD_2_CA_2,2015-09-29,5.788466019417475
HOUSEHOLD_2_CA_2,2015-09-30,5.788466019417475
HOUSEHOLD_2_CA_2,2015-10-01,5.788466019417475
HOUSEHOLD_2_CA_2,2015-10-02,5.788466019417475
HOUSEHOLD_2_CA_2,2015-10-03,5.788038834951457
HOUSEHOLD_2_CA_2,2015-10-04,5.788038834951457
HOUSEHOLD_2_CA_2,2015-10-05,5.788038834951457
HOUSEHOLD_2_CA_2,2015-10-06,5.788038834951457
HOUSEHOLD_2_CA_2,2015-10-07,5.788038834951457
HOUSEHOLD_2_CA_2,2015-10-08,5.788038834951457
HOUSEHOLD_2_CA_2,2015-10-09,5.788038834951457
HOUSEHOLD_2_CA_2,2015-10-10,5.788038834951457
HOUSEHOLD_2_CA_2,2015-10-11,5.788038834951457
HOUSEHOLD_2_CA_2,2015-10-12,5.788038834951457
HOUSEHOLD_2_CA_2,2015-10-13,5.788038834951457
HOUSEHOLD_2_CA_2,2015-10-14,5.788038834951457
HOUSEHOLD_2_CA_2,2015-10-15,5.788038834951457
HOUSEHOLD_2_CA_2,2015-10-16,5.788038834951457
HOUSEHOLD_2_CA_2,2015-10-17,5.78695145631068
HOUSEHOLD_2_CA_2,2015-10-18,5.78695145631068
HOUSEHOLD_2_CA_2,2015-10-19,5.78695145631068
HOUSEHOLD_2_CA_2,2015-10-20,5.78695145631068
HOUSEHOLD_2_CA_2,2015-10-21,5.78695145631068
HOUSEHOLD_2_CA_2,2015-10-22,5.78695145631068
HOUSEHOLD_2_CA_2,2015-10-23,5.78695145631068
HOUSEHOLD_2_CA_2,2015-10-24,5.78695145631068
HOUSEHOLD_2_CA_2,2015-10-25,5.78695145631068
HOUSEHOLD_2_CA_2,2015-10-26,5.78695145631068
HOUSEHOLD_2_CA_2,2015-10-27,5.78695145631068
HOUSEHOLD_2_CA_2,2015-10-28,5.78695145631068
HOUSEHOLD_2_CA_2,2015-10-29,5.78695145631068
HOUSEHOLD_2_CA_2,2015-10-30,5.78695145631068
HOUSEHOLD_2_CA_2,2015-10-31,5.78695145631068
HOUSEHOLD_2_CA_2,2015-11-01,5.78695145631068
HOUSEHOLD_2_CA_2,2015-11-02,5.78695145631068
HOUSEHOLD_2_CA_2,2015-11-03,5.78695145631068
HOUSEHOLD_2_CA_2,2015-11-04,5.78695145631068
HOUSEHOLD_2_CA_2,2015-11-05,5.78695145631068
HOUSEHOLD_2_CA_2,2015-11-06,5.78695145631068
HOUSEHOLD_2_CA_2,2015-11-07,5.78695145631068
HOUSEHOLD_2_CA_2,2015-11-08,5.78695145631068
HOUSEHOLD_2_CA_2,2015-11-09,5.78695145631068
HOUSEHOLD_2_CA_2,2015-11-10,5.78695145631068
HOUSEHOLD_2_CA_2,2015-11-11,5.78695145631068
HOUSEHOLD_2_CA_2,2015-11-12,5.78695145631068
HOUSEHOLD_2_CA_2,2015-11-13,5.78695145631068
HOUSEHOLD_2_CA_2,2015-11-14,5.78695145631068
HOUSEHOLD_2_CA_2,2015-11-15,5.78695145631068
HOUSEHOLD_2_CA_2,2015-11-16,5.78695145631068
HOUSEHOLD_2_CA_2,2015-11-17,5.78695145631068
HOUSEHOLD_2_CA_2,2015-11-18,5.78695145631068
HOUSEHOLD_2_CA_2,2015-11-19,5.78695145631068
HOUSEHOLD_2_CA_2,2015-11-20,5.78695145631068
HOUSEHOLD_2_CA_2,2015-11-21,5.78695145631068
HOUSEHOLD_2_CA_2,2015-11-22,5.78695145631068
HOUSEHOLD_2_CA_2,2015-11-23,5.78695145631068
HOUSEHOLD_2_CA_2,2015-11-24,5.78695145631068
HOUSEHOLD_2_CA_2,2015-11-25,5.78695145631068
HOUSEHOLD_2_CA_2,2015-11-26,5.78695145631068
HOUSEHOLD_2_CA_2,2015-11-27,5.78695145631068
HOUSEHOLD_2_CA_2,2015-11-28,5.7879223300970875
HOUSEHOLD_2_CA_2,2015-11-29,5.7879223300970875
HOUSEHOLD_2_CA_2,2015-11-30,5.7879223300970875
HOUSEHOLD_2_CA_2,2015-12-01,5.7879223300970875
HOUSEHOLD_2_CA_2,2015-12-02,5.7879223300970875
HOUSEHOLD_2_CA_2,2015-12-03,5.7879223300970875
HOUSEHOLD_2_CA_2,2015-12-04,5.7879223300970875
HOUSEHOLD_2_CA_2,2015-12-05,5.776097087378641
HOUSEHOLD_2_CA_2,2015-12-06,5.776097087378641
HOUSEHOLD_2_CA_2,2015-12-07,5.776097087378641
HOUSEHOLD_2_CA_2,2015-12-08,5.776097087378641
HOUSEHOLD_2_CA_2,2015-12-09,5.776097087378641
HOUSEHOLD_2_CA_2,2015-12-10,5.776097087378641
HOUSEHOLD_2_CA_2,2015-12-11,5.776097087378641
HOUSEHOLD_2_CA_2,2015-12-12,5.7879223300970875
HOUSEHOLD_2_CA_2,2015-12-13,5.7879223300970875
HOUSEHOLD_2_CA_2,2015-12-14,5.7879223300970875
HOUSEHOLD_2_CA_2,2015-12-15,5.7879223300970875
HOUSEHOLD_2_CA_2,2015-12-16,5.7879223300970875
HOUSEHOLD_2_CA_2,2015-12-17,5.7879223300970875
HOUSEHOLD_2_CA_2,2015-12-18,5.7879223300970875
HOUSEHOLD_2_CA_2,2015-12-19,5.7879223300970875
HOUSEHOLD_2_CA_2,2015-12-20,5.7879223300970875
HOUSEHOLD_2_CA_2,2015-12-21,5.7879223300970875
HOUSEHOLD_2_CA_2,2015-12-22,5.7879223300970875
HOUSEHOLD_2_CA_2,2015-12-23,5.7879223300970875
HOUSEHOLD_2_CA_2,2015-12-24,5.7879223300970875
HOUSEHOLD_2_CA_2,2015-12-25,5.7879223300970875
HOUSEHOLD_2_CA_2,2015-12-26,5.7879223300970875
HOUSEHOLD_2_CA_2,2015-12-27,5.7879223300970875
HOUSEHOLD_2_CA_2,2015-12-28,5.7879223300970875
HOUSEHOLD_2_CA_2,2015-12-29,5.7879223300970875
HOUSEHOLD_2_CA_2,2015-12-30,5.7879223300970875
HOUSEHOLD_2_CA_2,2015-12-31,5.7879223300970875
HOUSEHOLD_2_CA_2,2016-01-01,5.7879223300970875
HOUSEHOLD_2_CA_2,2016-01-02,5.787941747572815
HOUSEHOLD_2_CA_2,2016-01-03,5.787941747572815
HOUSEHOLD_2_CA_2,2016-01-04,5.787941747572815
HOUSEHOLD_2_CA_2,2016-01-05,5.787941747572815
HOUSEHOLD_2_CA_2,2016-01-06,5.787941747572815
HOUSEHOLD_2_CA_2,2016-01-07,5.787941747572815
HOUSEHOLD_2_CA_2,2016-01-08,5.787941747572815
HOUSEHOLD_2_CA_2,2016-01-09,5.788737864077669
HOUSEHOLD_2_CA_2,2016-01-10,5.788737864077669
HOUSEHOLD_2_CA_2,2016-01-11,5.788737864077669
HOUSEHOLD_2_CA_2,2016-01-12,5.788737864077669
HOUSEHOLD_2_CA_2,2016-01-13,5.788737864077669
HOUSEHOLD_2_CA_2,2016-01-14,5.788737864077669
HOUSEHOLD_2_CA_2,2016-01-15,5.788737864077669
HOUSEHOLD_2_CA_2,2016-01-16,5.77326213592233
HOUSEHOLD_2_CA_2,2016-01-17,5.77326213592233
HOUSEHOLD_2_CA_2,2016-01-18,5.77326213592233
HOUSEHOLD_2_CA_2,2016-01-19,5.77326213592233
HOUSEHOLD_2_CA_2,2016-01-20,5.77326213592233
HOUSEHOLD_2_CA_2,2016-01-21,5.77326213592233
HOUSEHOLD_2_CA_2,2016-01-22,5.77326213592233
HOUSEHOLD_2_CA_2,2016-01-23,5.77326213592233
HOUSEHOLD_2_CA_2,2016-01-24,5.77326213592233
HOUSEHOLD_2_CA_2,2016-01-25,5.77326213592233
HOUSEHOLD_2_CA_2,2016-01-26,5.77326213592233
HOUSEHOLD_2_CA_2,2016-01-27,5.77326213592233
HOUSEHOLD_2_CA_2,2016-01-28,5.77326213592233
HOUSEHOLD_2_CA_2,2016-01-29,5.77326213592233
HOUSEHOLD_2_CA_2,2016-01-30,5.767456310679612
HOUSEHOLD_2_CA_2,2016-01-31,5.767456310679612
HOUSEHOLD_2_CA_2,2016-02-01,5.767456310679612
HOUSEHOLD_2_CA_2,2016-02-02,5.767456310679612
HOUSEHOLD_2_CA_2,2016-02-03,5.767456310679612
HOUSEHOLD_2_CA_2,2016-02-04,5.767456310679612
HOUSEHOLD_2_CA_2,2016-02-05,5.767456310679612
HOUSEHOLD_2_CA_2,2016-02-06,5.763553398058252
HOUSEHOLD_2_CA_2,2016-02-07,5.763553398058252
HOUSEHOLD_2_CA_2,2016-02-08,5.763553398058252
HOUSEHOLD_2_CA_2,2016-02-09,5.763553398058252
HOUSEHOLD_2_CA_2,2016-02-10,5.763553398058252
HOUSEHOLD_2_CA_2,2016-02-11,5.763553398058252
HOUSEHOLD_2_CA_2,2016-02-12,5.763553398058252
HOUSEHOLD_2_CA_2,2016-02-13,5.763844660194175
HOUSEHOLD_2_CA_2,2016-02-14,5.763844660194175
HOUSEHOLD_2_CA_2,2016-02-15,5.763844660194175
HOUSEHOLD_2_CA_2,2016-02-16,5.763844660194175
HOUSEHOLD_2_CA_2,2016-02-17,5.763844660194175
HOUSEHOLD_2_CA_2,2016-02-18,5.763844660194175
HOUSEHOLD_2_CA_2,2016-02-19,5.763844660194175
HOUSEHOLD_2_CA_2,2016-02-20,5.761902912621359
HOUSEHOLD_2_CA_2,2016-02-21,5.761902912621359
HOUSEHOLD_2_CA_2,2016-02-22,5.761902912621359
HOUSEHOLD_2_CA_2,2016-02-23,5.761902912621359
HOUSEHOLD_2_CA_2,2016-02-24,5.761902912621359
HOUSEHOLD_2_CA_2,2016-02-25,5.761902912621359
HOUSEHOLD_2_CA_2,2016-02-26,5.761902912621359
HOUSEHOLD_2_CA_2,2016-02-27,5.76083495145631
HOUSEHOLD_2_CA_2,2016-02-28,5.76083495145631
HOUSEHOLD_2_CA_2,2016-02-29,5.76083495145631
HOUSEHOLD_2_CA_2,2016-03-01,5.76083495145631
HOUSEHOLD_2_CA_2,2016-03-02,5.76083495145631
HOUSEHOLD_2_CA_2,2016-03-03,5.76083495145631
HOUSEHOLD_2_CA_2,2016-03-04,5.76083495145631
HOUSEHOLD_2_CA_2,2016-03-05,5.761961165048543
HOUSEHOLD_2_CA_2,2016-03-06,5.761961165048543
HOUSEHOLD_2_CA_2,2016-03-07,5.761961165048543
HOUSEHOLD_2_CA_2,2016-03-08,5.761961165048543
HOUSEHOLD_2_CA_2,2016-03-09,5.761961165048543
HOUSEHOLD_2_CA_2,2016-03-10,5.761961165048543
HOUSEHOLD_2_CA_2,2016-03-11,5.761961165048543
HOUSEHOLD_2_CA_2,2016-03-12,5.7614757281553395
HOUSEHOLD_2_CA_2,2016-03-13,5.7614757281553395
HOUSEHOLD_2_CA_2,2016-03-14,5.7614757281553395
HOUSEHOLD_2_CA_2,2016-03-15,5.7614757281553395
HOUSEHOLD_2_CA_2,2016-03-16,5.7614757281553395
HOUSEHOLD_2_CA_2,2016-03-17,5.7614757281553395
HOUSEHOLD_2_CA_2,2016-03-18,5.7614757281553395
HOUSEHOLD_2_CA_2,2016-03-19,5.761398058252427
HOUSEHOLD_2_CA_2,2016-03-20,5.761398058252427
HOUSEHOLD_2_CA_2,2016-03-21,5.761398058252427
HOUSEHOLD_2_CA_2,2016-03-22,5.761398058252427
HOUSEHOLD_2_CA_2,2016-03-23,5.761398058252427
HOUSEHOLD_2_CA_2,2016-03-24,5.761398058252427
HOUSEHOLD_2_CA_2,2016-03-25,5.761398058252427
HOUSEHOLD_2_CA_2,2016-03-26,5.776834951456311
HOUSEHOLD_2_CA_2,2016-03-27,5.776834951456311
HOUSEHOLD_2_CA_2,2016-03-28,5.776834951456311
HOUSEHOLD_2_CA_2,2016-03-29,5.776834951456311
HOUSEHOLD_2_CA_2,2016-03-30,5.776834951456311
HOUSEHOLD_2_CA_2,2016-03-31,5.776834951456311
HOUSEHOLD_2_CA_2,2016-04-01,5.776834951456311
HOUSEHOLD_2_CA_2,2016-04-02,5.776601941747573
HOUSEHOLD_2_CA_2,2016-04-03,5.776601941747573
HOUSEHOLD_2_CA_2,2016-04-04,5.776601941747573
HOUSEHOLD_2_CA_2,2016-04-05,5.776601941747573
HOUSEHOLD_2_CA_2,2016-04-06,5.776601941747573
HOUSEHOLD_2_CA_2,2016-04-07,5.776601941747573
HOUSEHOLD_2_CA_2,2016-04-08,5.776601941747573
HOUSEHOLD_2_CA_2,2016-04-09,5.776601941747573
HOUSEHOLD_2_CA_2,2016-04-10,5.776601941747573
HOUSEHOLD_2_CA_2,2016-04-11,5.776601941747573
HOUSEHOLD_2_CA_2,2016-04-12,5.776601941747573
HOUSEHOLD_2_CA_2,2016-04-13,5.776601941747573
HOUSEHOLD_2_CA_2,2016-04-14,5.776601941747573
HOUSEHOLD_2_CA_2,2016-04-15,5.776601941747573
HOUSEHOLD_2_CA_2,2016-04-16,5.776252427184466
HOUSEHOLD_2_CA_2,2016-04-17,5.776252427184466
HOUSEHOLD_2_CA_2,2016-04-18,5.776252427184466
HOUSEHOLD_2_CA_2,2016-04-19,5.776252427184466
HOUSEHOLD_2_CA_2,2016-04-20,5.776252427184466
HOUSEHOLD_2_CA_2,2016-04-21,5.776252427184466
HOUSEHOLD_2_CA_2,2016-04-22,5.776252427184466
HOUSEHOLD_2_CA_2,2016-04-23,5.771961165048544
HOUSEHOLD_2_CA_2,2016-04-24,5.771961165048544
HOUSEHOLD_2_CA_2,2016-04-25,5.771961165048544
HOUSEHOLD_2_CA_2,2016-04-26,5.771961165048544
HOUSEHOLD_2_CA_2,2016-04-27,5.771961165048544
HOUSEHOLD_2_CA_2,2016-04-28,5.771961165048544
HOUSEHOLD_2_CA_2,2016-04-29,5.771961165048544
HOUSEHOLD_2_CA_2,2016-04-30,5.770194174757282
HOUSEHOLD_2_CA_2,2016-05-01,5.770194174757282
HOUSEHOLD_2_CA_2,2016-05-02,5.770194174757282
HOUSEHOLD_2_CA_2,2016-05-03,5.770194174757282
HOUSEHOLD_2_CA_2,2016-05-04,5.770194174757282
HOUSEHOLD_2_CA_2,2016-05-05,5.770194174757282
HOUSEHOLD_2_CA_2,2016-05-06,5.770194174757282
HOUSEHOLD_2_CA_2,2016-05-07,5.771941747572816
HOUSEHOLD_2_CA_2,2016-05-08,5.771941747572816
HOUSEHOLD_2_CA_2,2016-05-09,5.771941747572816
HOUSEHOLD_2_CA_2,2016-05-10,5.771941747572816
HOUSEHOLD_2_CA_2,2016-05-11,5.771941747572816
HOUSEHOLD_2_CA_2,2016-05-12,5.771941747572816
HOUSEHOLD_2_CA_2,2016-05-13,5.771941747572816
HOUSEHOLD_2_CA_2,2016-05-14,5.772699029126214
HOUSEHOLD_2_CA_2,2016-05-15,5.772699029126214
HOUSEHOLD_2_CA_2,2016-05-16,5.772699029126214
HOUSEHOLD_2_CA_2,2016-05-17,5.772699029126214
HOUSEHOLD_2_CA_2,2016-05-18,5.772699029126214
HOUSEHOLD_2_CA_2,2016-05-19,5.772699029126214
HOUSEHOLD_2_CA_2,2016-05-20,5.772699029126214
HOUSEHOLD_2_CA_2,2016-05-21,5.773728155339806
HOUSEHOLD_2_CA_2,2016-05-22,5.773728155339806
HOUSEHOLD_2_CA_2,2016-05-23,5.773728155339806
HOUSEHOLD_2_CA_2,2016-05-24,5.773728155339806
HOUSEHOLD_2_CA_2,2016-05-25,5.773728155339806
HOUSEHOLD_2_CA_2,2016-05-26,5.773728155339806
HOUSEHOLD_2_CA_2,2016-05-27,5.773728155339806
HOUSEHOLD_2_CA_2,2016-05-28,5.773728155339806
HOUSEHOLD_2_CA_2,2016-05-29,5.773728155339806
HOUSEHOLD_2_CA_2,2016-05-30,5.773728155339806
HOUSEHOLD_2_CA_2,2016-05-31,5.773728155339806
HOUSEHOLD_2_CA_2,2016-06-01,5.773728155339806
HOUSEHOLD_2_CA_2,2016-06-02,5.773728155339806
HOUSEHOLD_2_CA_2,2016-06-03,5.773728155339806
HOUSEHOLD_2_CA_2,2016-06-04,5.773728155339806
HOUSEHOLD_2_CA_2,2016-06-05,5.773728155339806
HOUSEHOLD_2_CA_2,2016-06-06,5.773728155339806
HOUSEHOLD_2_CA_2,2016-06-07,5.773728155339806
HOUSEHOLD_2_CA_2,2016-06-08,5.773728155339806
HOUSEHOLD_2_CA_2,2016-06-09,5.773728155339806
HOUSEHOLD_2_CA_2,2016-06-10,5.773728155339806
HOUSEHOLD_2_CA_2,2016-06-11,5.773728155339806
HOUSEHOLD_2_CA_2,2016-06-12,5.773728155339806
HOUSEHOLD_2_CA_2,2016-06-13,5.773728155339806
HOUSEHOLD_2_CA_2,2016-06-14,5.773728155339806
HOUSEHOLD_2_CA_2,2016-06-15,5.773728155339806
HOUSEHOLD_2_CA_2,2016-06-16,5.773728155339806
HOUSEHOLD_2_CA_2,2016-06-17,5.773728155339806
HOUSEHOLD_2_CA_2,2016-06-18,5.772174757281554
HOUSEHOLD_2_CA_2,2016-06-19,5.772174757281554
